标题,卖点,总价,单价,户型,楼层,共有楼层数,装修,朝向,建造时间,面积,小区,区域,所属区,梯户比例,是否有电梯,详情页,
30方私 家 花 园，只需1点税，东南采光,30方私家后花园，只需1点税费，东南采光好，大德路诗书路交界,118,33792,2室1厅,低楼层,5,精装,东南 西南,1999,34.92,大德路,解放南,越秀,一梯五户,无,商品房,https://gz.lianjia.com/ershoufang/108403398765.html
御华园 复式四房 产权清晰 钥匙在手 诚意放卖,"卖点介绍：
御华园复式四房  望花园",360,13943,4室2厅,高楼层,30,简装,南,2013,258.21,新鸿基御华园,狮岭镇,花都,三梯五户,有,商品房,https://gz.lianjia.com/ershoufang/108403412085.html
满五唯一免个税，中高层视野宽阔 原业主自住保养好,此房满五唯一免除个税，业主自住装修保养好可拎包入住 诚意出手,525,55194,3室2厅,中楼层,30,精装,北 东北,2010,95.12,君华香柏广场,京溪,白云,三梯六户,有,商品房,https://gz.lianjia.com/ershoufang/108403400639.html
东南向 3房带主套，户型方正，采光序号，交通便利,东南向3房带主套，户型方正，采光通风好，交通便利，视野开阔,760,70358,3室2厅,低楼层,25,精装,东南,2008,108.02,佳大银湾,东晓路,海珠,两梯六户,有,商品房,https://gz.lianjia.com/ershoufang/108403402190.html
荔城西区，大型小区，高楼层，视野无遮挡,通透格局 楼层好 视野开阔 采光充足 配套设施齐全,190,16815,3室2厅,高楼层,32,毛坯,东南,2012,113,锦绣御景国际三期,荔城西区,增城,二十梯五户,有,商品房,https://gz.lianjia.com/ershoufang/108403400521.html
房子出入配套成熟，离市场近，离公园近。环境好。,此房满五不唯，户口不占用，房子低楼层，通风光好。,218,37393,2室1厅,低楼层,9,简装,南 西,1996,58.3,桂花岗,桂花岗,越秀,一梯八户,无,商品房,https://gz.lianjia.com/ershoufang/108403399530.html
佳润云凯雅寓 2室1厅 南,链家网真房源，更多房源信息请联系经纪人,105,25723,2室1厅,高楼层,16,精装,南,0,40.82,佳润云凯雅寓,南湖,白云,两梯十九户,有,商品房,https://gz.lianjia.com/ershoufang/108403409655.html
富力泉天下 中空厅别墅 格局方正 花园开阔 没遮挡,空气清新 负离子空气 优质的森林 层望山景视野开阔配套完善,155,8113,3室1厅,低楼层,3,毛坯,东南,2013,191.07,富力泉天下,温泉镇,从化,一梯四户,无,商品房,https://gz.lianjia.com/ershoufang/108403401386.html
华工东区  精修4房 电梯平层 南北向 带杂物间,精修4房 电梯平层 南北向 带杂物间,838,79530,4室2厅,低楼层,8,精装,南 北,1995,105.37,华南理工大学宿舍凤凰新村,五山,天河,一梯两户,有,商品房,https://gz.lianjia.com/ershoufang/108403385470.html
花都雅景苑 6室2厅 南 北,链家网真房源，更多房源信息请联系经纪人,267,9169,6室2厅,高楼层,7,简装,南 北,0,291.23,花都雅景苑,旧区,花都,一梯两户,暂无数据,商品房,https://gz.lianjia.com/ershoufang/108403388409.html
怡新花园一期宏华楼东南向5房！ 新装修 拎包入住！,怡新一期大户之家！东南朝向，采光充足！精装修，拎包入住！,820,44556,5室3厅,低楼层,9,精装,东 南,1999,184.04,梅苑小区,梅花园,白云,一梯八户,有,商品房,https://gz.lianjia.com/ershoufang/108403393270.html
金都花园 电梯4房 满5年 无按揭 钥匙在手 随时看房,满5年不唯一，南向好房 电梯高层4房，地铁口物业。钥匙在手,108,9345,4室1厅,高楼层,10,其他,南,1995,115.57,金都花园,旧区,花都,一梯四户,无,商品房,https://gz.lianjia.com/ershoufang/108403389870.html
华侨城(番禺) 6室3厅 西南,链家网真房源，更多房源信息请联系经纪人,275,17028,6室3厅,高楼层,9,精装,西南,1993,161.5,华侨城(番禺),市桥,番禺,两梯六户,有,商品房,https://gz.lianjia.com/ershoufang/108403397151.html
滨江东金雅苑三开间朝南 望花园两房   免重税,满五免重税，南向望花园安静，一手业主产权清晰没抵押,420,58750,2室1厅,中楼层,13,简装,南,2001,71.49,金雅苑,滨江东,海珠,一梯八户,有,商品房,https://gz.lianjia.com/ershoufang/108403379092.html
时代花生二期少有放卖的户型，中层南向，安静不吵,南向看中信，满五年，产权面积141.44平方无非普通住宅税,766,54158,4室2厅,中楼层,18,简装,南,2008,141.44,时代花生二期,沙太南,天河,两梯四户,有,商品房,https://gz.lianjia.com/ershoufang/108403398133.html
省级朝天，精装修低层七房，户型方正,省级朝天，精装修低层七房，户型方正,399,33248,7室2厅,低楼层,3,精装,北 南,0,120.01,中山六路,西门口,越秀,一梯一户,无,商品房,https://gz.lianjia.com/ershoufang/108402843699.html
300米到地铁口，新装修有电梯 满五年框架结构可公积金,300米到地铁口，新装修 有电梯，框架满五年，南北对流采光好。,188,23889,3室1厅,中楼层,7,精装,南 北,0,78.7,富华西路,市桥,番禺,一梯两户,有,商品房,https://gz.lianjia.com/ershoufang/108403399914.html
水均大街方正三房，安静不吵，南北对流 低楼层,商品房过五年不唯一，南北对流3房1厅 ，近地铁,408,62424,3室1厅,中楼层,6,精装,南 北,0,65.36,水均岗,东风东,越秀,一梯两户,无,房改房,https://gz.lianjia.com/ershoufang/108403397683.html
鹭江地铁 电梯平层两房 满五有钥匙看房方便,此房源已加装电梯 满五年 非唯一 户型方正,198,51031,2室1厅,高楼层,9,精装,西南,1997,38.8,鹭苑公寓,新港西,海珠,一梯六户,有,商品房,https://gz.lianjia.com/ershoufang/108403399821.html
市二宫成熟商圈，原装电梯楼，近地铁，视野开阔,市二宫成熟商圈，原装电梯楼，近地铁，楼层好，视野开阔,380,26861,3室3厅,高楼层,22,简装,东,1999,141.47,侨宏大厦,前进路,海珠,两梯八户,有,商品房,https://gz.lianjia.com/ershoufang/108403396443.html
合生四期次新楼龄全新入住 中高楼层望小区花园,此房楼层好，视野宽阔，采光充足,160,17620,2室2厅,中楼层,25,精装,南 北,2017,90.81,合生湖山国际,凤凰城,增城,两梯四户,有,商品房,https://gz.lianjia.com/ershoufang/108403398710.html
满五年唯一，中楼层，户型方正，产权清晰,此房满五年唯一，户型方正，通透户型，中楼层，诚心卖,245,40779,2室1厅,中楼层,9,简装,南 北,1995,60.08,天员大厦,员村,天河,一梯三户,无,商品房,https://gz.lianjia.com/ershoufang/108403395531.html
绿怡居 过五年唯一 南向大三房 采光通风好 格局方正,过5年唯一南向精装大三房 采光通风好，带28方大露台 格局方正。,301,31519,3室2厅,高楼层,4,精装,南,1999,95.5,祈福新村绿怡居,祈福新村,番禺,一梯一户,无,商品房,https://gz.lianjia.com/ershoufang/108403393388.html
冲冲冲蝶舞轩 南向小三房  装修好 过五年 产权清晰,房子是南向的，位置很好底层，业主平时很少住，都是度假,248,30770,3室2厅,低楼层,6,精装,南,2002,80.6,祈福新村蝶舞轩,祈福新村,番禺,一梯四户,无,商品房,https://gz.lianjia.com/ershoufang/108403398783.html
雅宝新城英伦世家，中高层，视野好，格局方正东南向,此房是没有按揭的，格局方正视野好，东南向，中高层,137,14190,2室1厅,高楼层,26,其他,东南,2012,96.55,雅宝新城英伦世家,秀全街,花都,两梯六户,有,商品房,https://gz.lianjia.com/ershoufang/108403401515.html
海伦堡南向三房  厨房宽大敞亮  实用面积多5平方,"卖点：
房子满2不满5， 装修保养好 产权清晰 人车分流",163,17867,3室2厅,高楼层,18,精装,东南,2008,91.23,广州海伦堡,沙村,增城,两梯六户,有,商品房,https://gz.lianjia.com/ershoufang/108403403184.html
配套成熟，近秀全公园，花都湖，地铁站。,此房马赛克外墙，配套成熟，近秀全公园，花都湖，地铁站。,100,11934,3室2厅,中楼层,12,简装,北,0,83.8,中山大楼,旧区,花都,一梯八户,有,商品房,https://gz.lianjia.com/ershoufang/108403399057.html
此房满五唯一，看房方便，小区中间位置望花园，采光好,此房满五唯一，看房方便，小区中间位置望花园，采光好,273,34083,3室2厅,中楼层,11,精装,南 北,1995,80.1,富丽家园丽水湾,大石,番禺,一梯四户,有,商品房,https://gz.lianjia.com/ershoufang/108403404832.html
全新精装3房，户型方正，南北对流，采光充足,全新精装3房，户型方正，南北对流，采光充足，有钥匙,190,26894,3室1厅,低楼层,9,精装,南,0,70.65,机场路,机场路,白云,一梯三户,无,商品房,https://gz.lianjia.com/ershoufang/108403398681.html
祈福倚云居东南向 视野开阔 采光非 常好,产权是满过五年不唯一  高层望祈福 全景视野开阔 采光好,275,25701,3室2厅,高楼层,29,精装,东南,2004,107,祈福新村倚云居,祈福新村,番禺,三梯八户,有,商品房,https://gz.lianjia.com/ershoufang/108403398416.html
永发大厦 锦砖电梯大3房 北站板块 南向,此房采光通风好 近北站 地铁口 住家 装修 设施齐全 出行便利,140,11095,3室2厅,高楼层,18,精装,南 北,2001,126.19,永发大厦(花都),旧区,花都,两梯十二户,有,商品房,https://gz.lianjia.com/ershoufang/108403405587.html
麓雅居 3室2厅 南,链家网真房源，更多房源信息请联系经纪人,360,40491,3室2厅,低楼层,20,简装,南,1996,88.91,麓雅居,淘金,越秀,两梯十二户,有,商品房,https://gz.lianjia.com/ershoufang/108403401460.html
新市花园一区 3室1厅 东 东南,链家网真房源，更多房源信息请联系经纪人,150,16990,3室1厅,高楼层,9,简装,东 东南,1994,88.29,新市花园一区,新市,白云,一梯十三户,无,商品房,https://gz.lianjia.com/ershoufang/108403411195.html
低楼层两房，全明格局，采光好，生活配套醇熟。,户型方正，格局好，低楼层，采光充足，配套齐全，交通便利。,170,29397,2室1厅,低楼层,9,简装,西北,0,57.83,礼岗路,昌岗,海珠,一梯六户,有,商品房,https://gz.lianjia.com/ershoufang/108403406178.html
汇侨新城南区 3室1厅 东,链家网真房源，更多房源信息请联系经纪人,255,25414,3室1厅,中楼层,17,其他,东,2000,100.34,汇侨新城南区,新市,白云,两梯十一户,有,商品房,https://gz.lianjia.com/ershoufang/108403408126.html
店长推荐，满五唯一，税费便宜。,此房满5年 户型方正 格局好 南向 中间位置,228,20586,3室1厅,低楼层,11,简装,南,2002,110.76,东方白云花园,市桥北,番禺,一梯四户,有,商品房,https://gz.lianjia.com/ershoufang/108403400544.html
天马河国际公馆 4室2厅 南 北 东北,链家网真房源，更多房源信息请联系经纪人,320,13334,4室2厅,中楼层,4,毛坯,南 北 东北,0,240,天马河国际公馆,旧区,花都,一梯两户,暂无数据,商品房,https://gz.lianjia.com/ershoufang/108403358429.html
精装修，中层采光通风好，厅出阳台望小区安静,安静小区环境舒适 房子满五唯一  户型方正通风采光好 交通便捷,299,33420,3室2厅,中楼层,9,简装,北 东北,1994,89.47,康怡花苑,新港西,海珠,一梯六户,无,商品房,https://gz.lianjia.com/ershoufang/108403337894.html
南晓苑小区 精装平层电梯三房带主套 采光通风好,电梯正规三房带主套（电梯直到不用走半层），全新装修格局。,280,33854,3室1厅,高楼层,9,精装,北,1998,82.71,南晓苑,新港西,海珠,一梯四户,有,商品房,https://gz.lianjia.com/ershoufang/108403369293.html
业主诚心卖，南北通透格局好，楼层,业主诚心卖，南北通透格局好，楼层好，视野阔宽 ，采光充足，,270,22309,3室1厅,中楼层,30,毛坯,东南 南 北,2016,121.03,碧桂园豪进广场,白江,增城,两梯四户,有,商品房,https://gz.lianjia.com/ershoufang/108403373447.html
保利东江首府中高楼层，楼栋位置好，一线江景无遮挡,房子是保利中间楼栋，景观环境好，江景物业，房子格局方正，满2,250,20142,3室2厅,高楼层,39,精装,南,2012,124.12,保利东江首府,新塘南,增城,两梯三户,有,商品房,https://gz.lianjia.com/ershoufang/108403383977.html
近地铁 新世界花园 满五 望小区园林 保养好,地铁口小区安静不吵，阳台望小区花园，保养好,213,24455,2室1厅,高楼层,22,精装,南,2009,87.1,新塘新世界花园万象苑,沙村,增城,两梯四户,有,商品房,https://gz.lianjia.com/ershoufang/108403380838.html
翡翠绿洲 南向精装大两房 证满五年,正南向 采光通透 保养新净 位置好,168,17761,2室2厅,低楼层,21,精装,南,2011,94.59,翡翠绿洲湖滨苑,凤凰城,增城,两梯四户,有,商品房,https://gz.lianjia.com/ershoufang/108403389473.html
精装大三房，中间楼层无遮挡，过5唯一税费少。,此房南向望花园，保养好，高楼层视野开阔，采光通风好。,370,29473,3室2厅,中楼层,23,精装,南,0,125.54,越秀滨海B城,明珠湾,南沙,两梯四户,有,商品房,https://gz.lianjia.com/ershoufang/108403407945.html
天河御品 2室1厅 西北,链家网真房源，更多房源信息请联系经纪人,110,32739,2室1厅,低楼层,28,精装,西北,2010,33.6,天河御品,京溪,白云,两梯一百一十二户,有,商品房,https://gz.lianjia.com/ershoufang/108403405186.html
沙村地铁口 楼龄新，次新房 南向精装三房 高层通风好,沙村地铁口物业 楼龄新，次新房小区 南向精装三房 高层通风好.,205,20714,3室2厅,高楼层,17,精装,南,0,98.97,合汇学府名郡,白江,增城,两梯四户,有,商品房,https://gz.lianjia.com/ershoufang/108403387655.html
近地铁 新世界花园 保养好 视野好 满五,视野宽阔 无遮挡 楼间距宽 装修保养好 满五无抵押,187,22089,2室1厅,高楼层,16,精装,北,2009,84.66,新塘新世界花园万象苑,沙村,增城,两梯四户,有,商品房,https://gz.lianjia.com/ershoufang/108403391821.html
实用小三房，户型方正实用，南北对流户型。,实用小三房，户型方正实用，南北对流户型。,163,17743,3室2厅,低楼层,14,精装,南 北,2011,91.87,翡翠绿洲森林半岛,凤凰城,增城,两梯四户,有,商品房,https://gz.lianjia.com/ershoufang/108403391747.html
房子满五年，无按揭，精装修，望花园，有钥匙看房方便,房子满五年，无按揭，精装修，望花园，有钥匙看房方便,159.8,19316,2室2厅,高楼层,27,精装,北,2009,82.73,金泽豪庭,白江,增城,两梯四户,有,商品房,https://gz.lianjia.com/ershoufang/108403376390.html
正规小两房，过五唯一，采光好，，,格局正规户型，南向两房，离地铁13号线新塘站800米。,90,14779,2室1厅,高楼层,7,精装,北,0,60.9,美业阁,新塘北,增城,一梯八户,无,商品房,https://gz.lianjia.com/ershoufang/108403398304.html
新世界花园 近地铁 南向 小区环境好 保养好,房本2022年6月15号满五年  南向望花园 保养好,240,24750,3室1厅,低楼层,18,精装,南,2014,96.97,新塘新世界花园万象苑,沙村,增城,三梯四户,有,商品房,https://gz.lianjia.com/ershoufang/108403396778.html
此房前后望花园，过五唯一，中高层，通风采光好!,此房前后望花园，南向大两房，中高层，通风采光好，过五唯一！,185,22411,2室1厅,中楼层,17,精装,南,0,82.55,亚太新城亚太银座一期,新塘北,增城,两梯六户,有,商品房,https://gz.lianjia.com/ershoufang/108403399268.html
三房装修新净，采光充足，配套齐全。,三房装修新净，采光充足，配套齐全。,76,8437,3室2厅,中楼层,8,精装,北,0,90.08,塘园中路,荔城富鹏,增城,一梯两户,暂无数据,商品房,https://gz.lianjia.com/ershoufang/108403398282.html
沙村地铁站南向两房，满五唯一，保养新，出行便利。,地铁站南向两房，满五唯一，省个税，保养新，出行便利。,138,18830,2室2厅,高楼层,7,精装,南,0,73.29,新塘新世界花园嘉华苑,沙村,增城,一梯四户,无,商品房,https://gz.lianjia.com/ershoufang/108403402415.html
汇东国际花园，罕有4房，户型方正,"单边位采光好 实用率十分阔绰,少有户型",320,22466,4室2厅,高楼层,28,精装,东南,2012,142.44,汇东国际花园,白江,增城,两梯四户,有,商品房,https://gz.lianjia.com/ershoufang/108403410463.html
沙村地铁口600米 ，满五唯一，中层方正大两房，采光好,满五年唯一，中楼层，距离小区出入口100米，中层方正大两房,148,19718,2室2厅,中楼层,6,精装,北,0,75.06,新塘新世界花园嘉怡苑,沙村,增城,一梯四户,无,商品房,https://gz.lianjia.com/ershoufang/108403399555.html
新世界花园万象苑 环境好 楼龄新 配套成熟 保养新,地铁口20米 高楼层采光通风好 楼间距宽 无遮挡视野好,200,23205,2室1厅,中楼层,16,精装,北,2014,86.19,新塘新世界花园万象苑,沙村,增城,两梯四户,有,商品房,https://gz.lianjia.com/ershoufang/108403401141.html
新塘地铁口800米，富雅名居 满五唯一2房，看小区花园,此房是满五唯一，安静舒适，生活配套成熟，购物便利！,116,16283,2室2厅,高楼层,9,精装,东北,2005,71.24,富雅名居,新塘北,增城,一梯四户,有,商品房,https://gz.lianjia.com/ershoufang/108403401574.html
沙村地铁口四房，过五年免增值税 南北对流户型,房子过五年 精装修保养好带大阳台 146方免增值税 也是小区单位,350,23880,4室2厅,中楼层,22,精装,南,2009,146.57,新塘新世界花园万象苑,沙村,增城,两梯四户,有,商品房,https://gz.lianjia.com/ershoufang/108403344576.html
万科蓝山 4室2厅 东 东南 西,链家网真房源，更多房源信息请联系经纪人,538,33143,4室2厅,低楼层,4,精装,东 东南 西,2007,162.33,万科蓝山,南湖,白云,一梯两户,无,商品房,https://gz.lianjia.com/ershoufang/108403383590.html
业主诚心放卖 南北对流4房 高层看城市景观 佳格可谈,此房满五唯一，税费少，高层远望城市夜景视野宽阔，心旷神怡,2498,126035,4室2厅,高楼层,29,精装,南,2010,198.2,嘉裕丹顿阳光,珠江新城东,天河,三梯三户,有,商品房,https://gz.lianjia.com/ershoufang/108403373959.html
五山 两梯两户 182方品质五房 2011年楼龄新,此房满五唯一  两梯两户，五房两厅两卫三阳台，套内使用率82%,1750,96467,5室2厅,中楼层,23,精装,南 北,2011,181.41,茶山睿峰园,五山,天河,两梯两户,有,商品房,https://gz.lianjia.com/ershoufang/108403377486.html
电梯三房  温馨舒适 诚心出  看房方便,业主想置换物业，诚心放卖，该物业为商品房，过5年非唯一，,499,40952,3室2厅,中楼层,9,精装,南,0,121.85,下塘西路,麓景,越秀,一梯八户,有,商品房,https://gz.lianjia.com/ershoufang/108403389278.html
绿怡花园别墅 免重税  ]隙次装修 保养好拎包入住,近缤纷汇 看房方便  有二次装修 业主自住保养好,850,66148,4室2厅,独栋,1,毛坯,北,2000,128.5,祈福新村绿怡花园,祈福新村,番禺,,,商品房,https://gz.lianjia.com/ershoufang/108403391772.html
此物业满五，富力皇座单位，东南向，楼龄新，三阳台。,中山八路，此物业满五，富力皇座单位，东南向，楼龄新，三阳台。,830,47445,4室2厅,高楼层,26,精装,东南,2003,174.94,富力广场B区,中山八,荔湾,两梯八户,有,商品房,https://gz.lianjia.com/ershoufang/108403393382.html
荷塘月色精装复式6房，南向望白云新城，视野开阔,荷塘月色精装复式6房，南向望白云新城，视野开阔,955,40774,6室2厅,高楼层,18,精装,南,2004,234.22,白云高尔夫花园荷塘月色,黄石,白云,两梯三户,有,商品房,https://gz.lianjia.com/ershoufang/108403385714.html
伊顿18 东南向大三房望园景 视野开阔 满五唯一,小区中间栋，东南向 楼层好 视野宽阔 采光充足 安静,1528,101193,3室2厅,中楼层,38,精装,东南,2004,151,天誉华庭,龙口西,天河,三梯八户,有,商品房,https://gz.lianjia.com/ershoufang/108403386183.html
保养好，安静望花园，满五唯一税费少，还多有一个阁楼,东方名都精装四房，满五唯一税费少，保养好，安静望花园,276,23004,4室1厅,中楼层,15,精装,南 北,2012,119.98,东方名都,白江,增城,三梯四户,有,商品房,https://gz.lianjia.com/ershoufang/108403393721.html
户型方正，没有遮挡采光好，中间楼层,户型方正，没有遮挡采光好，中间楼层主要环境好,265,31548,3室2厅,低楼层,33,精装,北,2017,84,广州绿地城,知识城,黄埔,两梯六户,有,商品房,https://gz.lianjia.com/ershoufang/108403326561.html
精装修绿色视野实用三房近地铁婚房,花园大，户型大，望湖，方便看房,178.5,18167,3室2厅,低楼层,10,精装,东南,2017,98.26,侨建御溪谷南区,中新镇,增城,一梯五户,有,商品房,https://gz.lianjia.com/ershoufang/108403338042.html
南北对流格局的大三房，带入户，户型方正 业主有心卖,此房带入户的大三房，南北对流格局，配套设施齐全，交通便利,119,10280,3室2厅,低楼层,32,精装,南 北,2017,115.76,广州敏捷绿湖首府二期,石滩镇,增城,两梯六户,有,商品房,https://gz.lianjia.com/ershoufang/108403337759.html
东方夏湾拿第3期4层别墅，南北通透,此房南北通透户型，采光充足，每个房间都是南向,388,14123,5室3厅,独栋,3,简装,南 北,0,274.74,东方夏湾拿,太平镇,从化,,,商品房,https://gz.lianjia.com/ershoufang/108403346692.html
凤凰城 凤馨苑 刚需 正南三房,过五年 正南向 高楼层视野好，宜居,188,18707,3室1厅,高楼层,18,精装,南,2002,100.5,碧桂园凤凰城凤馨苑,凤凰城,增城,两梯四户,有,商品房,https://gz.lianjia.com/ershoufang/108403345950.html
嘉华苑大三房诚心出 中楼层 装修保养好 随时看房,此房满2年，业主诚心出，增值税可以协商,162,16361,3室2厅,中楼层,7,精装,东北,2003,99.02,新塘新世界花园嘉华苑,沙村,增城,一梯四户,无,商品房,https://gz.lianjia.com/ershoufang/108403359839.html
房子过五唯一，通风采光好，户型实用，房屋利用率高。,户型优势：朝南，明厨明卫经典开间，通风好，业主诚心出手,138,12777,3室1厅,低楼层,18,精装,北,2012,108.01,嘉骏豪苑,新塘南,增城,两梯六户,有,商品房,https://gz.lianjia.com/ershoufang/108403354151.html
此房满五，格局方正，采光充足 配套设施齐全,此房满五，格局方正，采光充足，配套设施齐全..,165,18057,3室2厅,高楼层,18,精装,东南,2009,91.38,锦绣新天地,新塘南,增城,两梯六户,有,商品房,https://gz.lianjia.com/ershoufang/108403350308.html
满五年，低税费，业主自住装修保养好，看花园视野好,满五年，低税费，业主自住装修保养好，看花园视野好,149,16767,3室1厅,高楼层,15,精装,东北,2011,88.87,锦绣新天地,新塘南,增城,两梯六户,有,商品房,https://gz.lianjia.com/ershoufang/108403358019.html
保利    三房 南向 靓楼层   婚房,此房源南向，小区绿化环境好，活动空间区域大,238,19120,3室2厅,中楼层,39,精装,南,2012,124.48,保利东江首府,新塘南,增城,两梯三户,有,商品房,https://gz.lianjia.com/ershoufang/108403365992.html
金地荔湖城中层东南向精装双阳台二房,此房满五年，客厅，房间全南南大二房，双阳台，居住舒适,105,12100,2室2厅,中楼层,32,精装,东南,0,86.78,金地荔湖城水立坊,永和,增城,两梯四户,有,商品房,https://gz.lianjia.com/ershoufang/108403344463.html
有钥匙 看花园 看房方便 随时可以约,有钥匙，看房方便，随时可约。。,190,18588,3室1厅,高楼层,32,毛坯,南,2015,102.22,敏捷锦绣天伦,新塘北,增城,两梯六户,有,商品房,https://gz.lianjia.com/ershoufang/108403363074.html
金泽三期次新房，南向中层视野好，小三房诚意急卖,金泽三期次新房，南向中层视野好，小三房诚意急卖。,199,22632,3室1厅,中楼层,32,精装,南,2016,87.93,金泽豪庭,白江,增城,两梯五户,有,商品房,https://gz.lianjia.com/ershoufang/108403366625.html
对流户型通风效果好，满五唯一省税费,满五唯一，主阳台望空中花园，对流户型通风效果好。,156,16503,3室2厅,低楼层,17,简装,北,2002,94.53,碧桂园凤凰城凤妍苑,凤凰城,增城,两梯四户,有,商品房,https://gz.lianjia.com/ershoufang/108403331585.html
翡翠次新楼龄 中楼层望花园 保养好 看房方便,此房楼层舒适，南北向通风采光好，居住舒适，视野佳,222,19488,3室2厅,低楼层,25,精装,东北,2016,113.92,翡翠绿洲克拉邻里,凤凰城,增城,两梯五户,有,商品房,https://gz.lianjia.com/ershoufang/108403331566.html
海德公馆两栋四户东南向大三房大阳台正对泳池景观开扬,两梯四户，东南向双阳台，厅大房大，正对泳池,828,64436,3室2厅,低楼层,28,精装,东 南,0,128.5,保利葛洲坝海德公馆,广钢新城,荔湾,两梯四户,有,商品房,https://gz.lianjia.com/ershoufang/108403351046.html
誉山国际三房，户型方正，南北对流，楼层视野好,此房满五唯一，楼层视野开阔，南向，户型结构方正,168,17598,3室2厅,中楼层,18,精装,南,0,95.47,合景誉山国际,永和,增城,两梯四户,有,商品房,https://gz.lianjia.com/ershoufang/108403340383.html
业主诚意急出手  时代配套  地铁 电梯房,楼层好，视野开阔一线园景无遮挡，户型采光充足，全新无入住,130,10718,3室2厅,高楼层,22,毛坯,东南,2016,121.3,大城云山,太平镇,从化,两梯六户,有,商品房,https://gz.lianjia.com/ershoufang/108403366753.html
满五年免重税 小区管理 低层精装修两房 视野开阔,满五年免重税，装修保养新净，小区环境舒适，钥匙在手随时可看,213,29291,2室1厅,中楼层,8,精装,西,0,72.72,荔福路,沙园,海珠,一梯四户,无,商品房,https://gz.lianjia.com/ershoufang/108403332947.html
黄埔区知识城  三房两厅 带天然气 阳台,交通便利 配套成熟 小区安静 环境好 空气清新 商品房,101.4,11373,3室2厅,低楼层,32,精装,北,2019,89.16,合景天峻广场,知识城,黄埔,三梯六户,有,商品房,https://gz.lianjia.com/ershoufang/108403332671.html
广园云苑新村 电梯精装三房 厅出阳台 采光好,电梯房 采光好 精装三房 一手业主 厅出阳台,222,33229,3室1厅,中楼层,9,精装,北,1999,66.81,广园云苑新村,景泰,白云,一梯四户,有,房改房,https://gz.lianjia.com/ershoufang/108403379868.html
恒生花园 3室2厅 南,链家网真房源，更多房源信息请联系经纪人,208,19269,3室2厅,高楼层,6,其他,南,2000,107.95,恒生花园,南村,番禺,一梯两户,无,商品房,https://gz.lianjia.com/ershoufang/108403379207.html
富力半岛花园  户型方正  产权清晰  房子满五年,高层望小区泳池 实用率高 精装修 户型方正 产权清晰  过五不维一,258,39288,2室1厅,高楼层,27,简装,西北,2002,65.67,富力半岛花园,罗冲围,白云,两梯八户,有,商品房,https://gz.lianjia.com/ershoufang/108403376045.html
越秀区 小两房 精装 证过五年 税费少 近地铁,此房属于越秀区 近地铁 近公交车站 入手门槛低,99,24018,2室1厅,高楼层,9,精装,南 西,0,41.22,北站路,机场路,越秀,一梯五户,无,商品房,https://gz.lianjia.com/ershoufang/108403395560.html
公园前 六榕路 独栋私房 七字单边 朝小 业主诚意出*,公园前 六榕路 独栋私房 七字单边 朝小 业主诚意出*,225,63560,3室1厅,低楼层,1,简装,南 北,0,35.4,广德路,公园前,越秀,一梯一户,无,商品房,https://gz.lianjia.com/ershoufang/108401902693.html
此房满五年，中间层南向，采光充足,南向带入户，中间层视野开阔，户型实用,170,18479,3室1厅,中楼层,11,精装,南,2002,92,碧桂园凤凰城凤馨苑,凤凰城,增城,两梯四户,有,商品房,https://gz.lianjia.com/ershoufang/108403382574.html
近地铁，满五，南向，户型方正，通风好,此房位置好，户型方正，安静位置，功能区分利用度高，公摊少,242,29621,3室1厅,低楼层,6,简装,南 西南,2002,81.7,雅澜苑,洛溪,番禺,一梯四户,无,商品房,https://gz.lianjia.com/ershoufang/108403382602.html
广园西路莲塘前街 框架结构  交通方便  随时看房,越秀区物业 未过五年 间隔方正 实用 采光好 厅出阳台,148,17813,3室1厅,高楼层,9,简装,南,0,83.09,广园西路,桂花岗,越秀,一梯两户,暂无数据,商品房,https://gz.lianjia.com/ershoufang/108403387545.html
急shou 9号线地铁口300米 全新装修 几乎没住过,急shou 9号线地铁口300米 全新装修 几乎没住过,150,16057,3室2厅,高楼层,11,精装,东北,0,93.42,天马河壹号四期,秀全街,花都,一梯五户,有,商品房,https://gz.lianjia.com/ershoufang/108403380050.html
边检大院 2000年原装电梯楼 东南向三房双阳台设计,东南向电梯三房，双阳台设计，小区居住人群素质高,729,74086,3室2厅,高楼层,9,精装,东南,2015,98.4,边检大院,龙口西,天河,一梯四户,有,商品房,https://gz.lianjia.com/ershoufang/108403380992.html
框架两房  南北向  精装修 随时可看,南北向正规两房，安静舒适。看房方便,220,46103,2室1厅,中楼层,9,精装,南,0,47.72,东华东路,东山口,越秀,一梯九户,无,商品房,https://gz.lianjia.com/ershoufang/108403379755.html
低层全明三房 东南北单边位 随时看房,此房满五年，户型方正，安全不吵,480,48588,3室2厅,低楼层,9,简装,东 南 北,1990,98.79,东华西路,东川路,越秀,一梯四户,无,商品房,https://gz.lianjia.com/ershoufang/108403382032.html
花园社区  电梯高层 东南向 采光视野好,东南向 户型方正 满五年 花园小区管理 采光充足 配套完善,215,29676,2室1厅,高楼层,9,简装,东南,1995,72.45,侨爱苑,机场路,白云,一梯六户,有,商品房,https://gz.lianjia.com/ershoufang/108403382132.html
此房满五不唯一，大三房户型方正，楼层好，视野开阔,此房满五不唯一，大三房户型方正，双主套，双阳台，南向望园景,395,28009,3室2厅,低楼层,18,精装,南,2005,141.03,番禺海伦堡花样年华二期,桥南,番禺,两梯四户,有,商品房,https://gz.lianjia.com/ershoufang/108403390964.html
云峰花园四期  精装三房 采光好 通风好,"机场板块，地铁口物业，采光好,看花园",183,19634,3室1厅,中楼层,11,精装,北,2012,93.21,云峰花园4期,镜湖大道,花都,一梯四户,有,商品房,https://gz.lianjia.com/ershoufang/108403400007.html
南向三房带入户，前排无遮挡视野开阔,此房过五年，中间层视野开阔采光好,195,19563,3室2厅,低楼层,18,精装,南,2002,99.68,碧桂园凤凰城凤馨苑,凤凰城,增城,两梯四户,有,商品房,https://gz.lianjia.com/ershoufang/108403389916.html
周门街 平层电梯两房 西外无占用,加装平层电梯，楼道新，南北对流，通风采光好,239,43701,2室1厅,低楼层,9,简装,南,1998,54.69,周门小区周门街,周门,荔湾,两梯六户,有,商品房,https://gz.lianjia.com/ershoufang/108403405573.html
中山七路  电梯加装中 看房方便 陈家祠旁 楼龄新,房子户型方正，证过五年，看房随时方便看。电梯加装中。,227,39342,3室1厅,低楼层,9,简装,东南 东,0,57.7,中山七路,龙津,荔湾,一梯四户,无,商品房,https://gz.lianjia.com/ershoufang/108403381666.html
南沙奥园 4室1厅 东南 西北,链家网真房源，更多房源信息请联系经纪人,230,12783,4室1厅,中楼层,9,精装,东南 西北,2012,179.93,南沙奥园,南沙湾,南沙,一梯两户,有,商品房,https://gz.lianjia.com/ershoufang/108403396364.html
南向采光很好，电梯楼，交通方便，生活便利,松园大道，电梯楼，南向采光很好，满五不唯一，户型方正采光好。,80,10921,3室1厅,中楼层,9,其他,南,0,73.26,松园大道,旧区,花都,一梯八户,有,商品房,https://gz.lianjia.com/ershoufang/108403392760.html
五羊E区 南向二房 间隔方正 通风采光好,南向 格局方正 近江边 安静 楼层舒适 通风 生活便利,380,62398,2室1厅,中楼层,9,其他,南,1986,60.9,五羊小区,五羊新城,越秀,一梯六户,无,商品房,https://gz.lianjia.com/ershoufang/108403396835.html
南沙金茂湾 朝江三房 看园林看绿化,明珠湾板块，综合体小区，东南朝向，品牌五星物业..,452,36558,3室2厅,低楼层,25,毛坯,东南,0,123.64,南沙金茂湾,明珠湾,南沙,三梯四户,有,商品房,https://gz.lianjia.com/ershoufang/108403400076.html
花城路。配套完善，格局方正。采光通风好，近地铁...,此房位于花城路地铁口物业，地段优越，交通方便，休闲生活便利,78,8530,3室1厅,中楼层,5,精装,南,0,91.45,花城路,旧区,花都,一梯四户,暂无数据,商品房,https://gz.lianjia.com/ershoufang/108403375889.html
电梯高层 全新精装修 近地铁 拎包入住,此房满五年 电梯高层 全新精装修 近地铁,146,31459,2室1厅,中楼层,9,精装,西,1995,46.41,春暖花园,机场路,白云,一梯四户,有,商品房,https://gz.lianjia.com/ershoufang/108403398191.html
大北路 3室1厅 南 北,链家网真房源，更多房源信息请联系经纪人,138,21767,3室1厅,中楼层,6,精装,南 北,0,63.4,大北路,市桥,番禺,一梯两户,暂无数据,商品房,https://gz.lianjia.com/ershoufang/108403381432.html
格局方正，视野开阔望花园，好楼栋好楼层,格局方正，视野开阔望花园，好楼栋好楼层,177,23519,2室2厅,低楼层,34,毛坯,南,2018,75.26,广州融创文旅城B1区,花城街,花都,两梯四户,有,商品房,https://gz.lianjia.com/ershoufang/108403402467.html
此房户型方正，东南向单边位望花园，采光好,此房满五年，全新毛坯，自由改造，东南向三房看花园,183,15648,3室2厅,中楼层,11,其他,东南,2014,116.95,路劲隽悦豪庭二期三期,花城街,花都,一梯三户,有,商品房,https://gz.lianjia.com/ershoufang/108403397954.html
东荟城 精装望花园2房 无欠款户口不占用 随时交易,此房业主包增值税，安静望花园二房，红本在手随时交易,290,41471,2室1厅,低楼层,28,精装,北,0,69.93,万科东荟城,香雪,黄埔,两梯六户,有,商品房,https://gz.lianjia.com/ershoufang/108403399491.html
聚德花园 原装电梯 带天台花园 南向有匙两房随时看房,此房满五，南向看花园，带天台花园，室内环境安静,240,39670,2室2厅,高楼层,9,精装,东南,1997,60.5,聚德花园,赤岗,海珠,一梯八户,有,商品房,https://gz.lianjia.com/ershoufang/108403398933.html
祈福辉煌台 北站地铁口物业 精装修 北向望花园,北站板块，交通便利。北朝向，精装修，配套齐全,173,14787,3室2厅,高楼层,28,精装,东北,2015,117,祈福辉煌台,旧区,花都,三梯八户,有,商品房,https://gz.lianjia.com/ershoufang/108403378619.html
第二金碧 户型方正厅出阳台 满五年唯一 看房有钥匙,此房证满五年唯一物业，免增值税及个税省全额6.3%税费 中楼层,373,45807,3室1厅,中楼层,33,简装,北,2000,81.43,金碧花园第二金碧,金碧,海珠,三梯十户,有,商品房,https://gz.lianjia.com/ershoufang/108403403157.html
三期 08年楼龄  南向三房 一线江景 诚心卖,三期 08年楼龄  南向三房 一线江景 诚心卖,618,53359,3室2厅,高楼层,26,精装,南,2005,115.82,金碧花园第三金碧,金碧,海珠,两梯六户,有,商品房,https://gz.lianjia.com/ershoufang/108403385757.html
天立精致三房 可拎包入住 东南向三房,采光好 精致装修 东南向 四年前装修 保养好 。,650,66667,3室1厅,中楼层,29,精装,东南,1993,97.5,天立大厦,龙口东,天河,两梯六户,有,商品房,https://gz.lianjia.com/ershoufang/108403388564.html
天马河五期，东南向看河景观，毛坯三房，业主诚意卖,交通便利近地铁，距离汽车城站地铁口500米、楼下有公交车站,187,15554,3室1厅,中楼层,18,毛坯,南,2015,120.23,天马河壹号五期,秀全街,花都,两梯六户,有,商品房,https://gz.lianjia.com/ershoufang/108403389595.html
高楼层三房两卫保养好位置安静视野开阔,满五唯一，保养好，都是用瓷砖地板，无欠款,168,18067,3室2厅,高楼层,18,简装,北,2002,92.99,碧桂园凤凰城凤馨苑,凤凰城,增城,两梯四户,有,商品房,https://gz.lianjia.com/ershoufang/108403384301.html
锦绣御景国际四期 2室1厅 东北,链家网真房源，更多房源信息请联系经纪人,132,16041,2室1厅,中楼层,32,精装,东北,2015,82.29,锦绣御景国际四期,荔城西区,增城,两梯六户,有,商品房,https://gz.lianjia.com/ershoufang/108403407114.html
横枝岗56号大院安静一房一厅 大院管理,此房楼层低，近麓湖，大院管理，医疗资源丰富，适合居住,165,45593,1室1厅,低楼层,5,简装,北,0,36.19,横枝岗56号大院,麓景,越秀,一梯两户,无,商品房,https://gz.lianjia.com/ershoufang/108403415225.html
正南向 南北对流 安静望花园 楼间距大 实用率高,正南向 南北对流 安静不吵 望花园 楼间距大 实用率高,2120,153835,3室2厅,低楼层,18,精装,南,1990,137.81,新城海滨花园S区,珠江新城东,天河,两梯五户,有,商品房,https://gz.lianjia.com/ershoufang/108403384370.html
广州星河丹堤 满五税少 看湖望山,满五税少的位于黄山鲁森林公园半山腰，空气质量好环境优美,285,19752,3室2厅,低楼层,13,简装,南 北,2019,144.29,广州星河丹堤,金洲,南沙,一梯四户,有,商品房,https://gz.lianjia.com/ershoufang/108403400523.html
新上 东山口 2房朝南 全明屋 近地铁 看房方便,"1.2房朝南 带大阳台，明厨明厕。
2.楼层低，全明屋 近地铁。",220,45092,2室1厅,中楼层,9,其他,南 西,0,48.79,东华东路,东山口,越秀,一梯九户,无,商品房,https://gz.lianjia.com/ershoufang/108403379679.html
时代天韵二期  四房两卫两厅 南向望湖,舒适大四房，小区位置比较好，安静，房子保养好.业主诚意出,485,37409,4室2厅,中楼层,23,精装,南,2018,129.65,时代天韵,知识城,黄埔,两梯四户,有,商品房,https://gz.lianjia.com/ershoufang/108403380188.html
双阳台南北对流，望湖景，通风采光好，毛坯房随意装修,双阳台南北对流，望一线湖景，通风采光好，毛坯房随意装修,270,18857,3室2厅,低楼层,10,毛坯,南 北,0,143.19,广州星河丹堤,金洲,南沙,两梯四户,有,商品房,https://gz.lianjia.com/ershoufang/108403399511.html
好房优选，精装3房2卫，满五年唯一，税费少，方正实用,电梯精装，户型方正，满五年唯一，税费少，好房优选,506,55132,3室2厅,中楼层,7,其他,北,2014,91.78,万科o境,白云大道南,白云,一梯四户,有,商品房,https://gz.lianjia.com/ershoufang/108403385990.html
云苑新村电梯高层视野宽阔采光好南北双向 满五唯一,此房满五唯一免个人所得税 朝向南北对流格局好视野开阔全明户型,225,31983,2室1厅,高楼层,9,简装,东南,1999,70.35,广园云苑新村,景泰,白云,一梯两户,有,商品房,https://gz.lianjia.com/ershoufang/108403405647.html
全明户型，厅出阳台，精装三房，有钥匙，看房方便,此房为一手房源，开发商自持物业，没有额外税费，南向格局。,738,61639,3室1厅,高楼层,28,其他,东南,2003,119.73,自由心岸,滨江中,海珠,三梯六户,有,商品房,https://gz.lianjia.com/ershoufang/108403377340.html
鸿运楼 3室1厅 西北,链家网真房源，更多房源信息请联系经纪人,150,20287,3室1厅,中楼层,9,简装,西北,1993,73.94,鸿运楼,机场路,白云,一梯七户,无,商品房,https://gz.lianjia.com/ershoufang/108403376465.html
新塘地铁口满五唯一，无欠款，房产清晰，近地铁,此房满五唯一，无欠款，房产清晰，近地铁,128,15805,3室2厅,中楼层,7,简装,南 北,2003,80.99,亚太新城富丽园,新塘北,增城,一梯三户,无,商品房,https://gz.lianjia.com/ershoufang/108403374773.html
"楼层好,采光好视野宽阔,满五,格局方正,配套齐全","楼层好,采光好视野宽阔,满五,格局方正,配套齐全",218,23543,3室2厅,高楼层,6,简装,东,2004,92.6,锦绣生态园,钟村,番禺,一梯四户,无,商品房,https://gz.lianjia.com/ershoufang/108403384046.html
南北对流 正南向精品三房 气宇轩昂 美轮美奂岭南园林,此房满五不唯一 轩扬通透 视野好望公园 楼层好 采光充足 悦汇城,535,55910,3室1厅,中楼层,32,简装,南,2010,95.69,岭南湾畔,西村,荔湾,三梯六户,有,商品房,https://gz.lianjia.com/ershoufang/108403385499.html
业主急要资金 全新未入住  随时可以看房 低密度高绿化,业主诚意出  全新未入住 低密度高绿化小区，居住舒适度高,283,36706,2室2厅,高楼层,20,毛坯,西南,2017,77.1,华发荔湾荟,蚩,荔湾,两梯六户,有,商品房,https://gz.lianjia.com/ershoufang/108403392757.html
东南朝向  视野宽阔   大平层三房,东南朝向  证过五年，望园林小区，环境优美,185,17519,3室2厅,中楼层,6,精装,东南,2003,105.6,碧桂园凤凰城凤仪苑,凤凰城,增城,一梯四户,无,商品房,https://gz.lianjia.com/ershoufang/108403390607.html
看房有钥匙   产权过五年省税费,地铁口两房，过五年，看房方便  ，低楼层 ，读仲元,162,26777,2室1厅,中楼层,7,简装,东北,1993,60.5,吉祥北园,洛溪,番禺,一梯四户,无,商品房,https://gz.lianjia.com/ershoufang/108403393455.html
康乃馨 南向安静大两房 非顶楼 满五年唯一 有钥匙,此房为商品房满五年，大两房，光线充足，户型方正,193,27911,2室1厅,高楼层,9,精装,南,2000,69.15,康乃馨苑,坑口,荔湾,一梯六户,无,商品房,https://gz.lianjia.com/ershoufang/108403387513.html
海运小区小户型房源，采光景观好。,此房满五年，东向采光好高楼层视野开阔，近江边出行方便。,408,70846,2室1厅,高楼层,26,简装,东,1996,57.59,海运小区,五羊新城,越秀,两梯十户,有,商品房,https://gz.lianjia.com/ershoufang/108403406504.html
横枝岗南街，低层证过五年税费少，省级登峰。,此房满五年免增值税 小区外围是麓湖公园 目前在建12号线地铁,165,45593,1室1厅,低楼层,5,简装,南,0,36.19,横枝岗南街,麓景,越秀,一梯五户,暂无数据,商品房,https://gz.lianjia.com/ershoufang/108403414826.html
cbd板块，座南向北，即可入住。,此房继承所得，可以过户，满2年不唯一，楼层好，采光充足,355,22874,3室2厅,高楼层,18,精装,南 北,2010,155.2,骏威锦东花园B区,新区,花都,两梯四户,有,商品房,https://gz.lianjia.com/ershoufang/108403388652.html
1号线5号线交汇杨箕站旁原装电梯满五唯一无抵押大两房,满五唯一 无抵押 原装电梯 全新装修,635,69559,2室1厅,中楼层,11,精装,东南,1995,91.29,名品居,杨箕,越秀,一梯四户,有,商品房,https://gz.lianjia.com/ershoufang/108403404966.html
中海锦观华庭（D区）高层视野开阔 配套完善,通风采光好，低密度，高层，大花园 格局方正,528,56952,3室2厅,高楼层,26,精装,西南,0,92.71,中海锦观华庭（D区）,广钢新城,荔湾,两梯八户,有,商品房,https://gz.lianjia.com/ershoufang/108403388467.html
环市西路五号线西村站，精装小三房。,中层楼，三面单边位置，采光好，满五年。,128,26931,3室1厅,中楼层,6,精装,南,0,47.53,环市西路,流花站前,荔湾,一梯五户,无,商品房,https://gz.lianjia.com/ershoufang/108403393389.html
此房满五唯一税费少，高楼层精装修,此房满五唯一税费少，南北对流户型，高楼层精装修拎包入住,358,38901,3室2厅,中楼层,26,精装,西南,2014,92.03,深业江悦湾,金沙洲,白云,两梯六户,有,商品房,https://gz.lianjia.com/ershoufang/108403405356.html
云山诗意 南向 高楼层看花园 视野好 户型方正实用,此物业满五年，南北对流，通风采光好，户型方正，高层南向,500,47935,3室3厅,高楼层,18,其他,东南,2008,104.31,云山诗意,黄边,白云,两梯四户,有,商品房,https://gz.lianjia.com/ershoufang/108403380103.html
中大商圈 近地铁 房子格局方正中楼层 采光好,交通便利 适宜居住 产权清晰 格局方正 满五唯一,210,35283,3室1厅,中楼层,8,精装,南,0,59.52,新港西路,中大,海珠,一梯四户,无,商品房,https://gz.lianjia.com/ershoufang/108403397819.html
万科柏悦湾 中高楼层 视野开阔 证满五年,柏悦湾小区，中高楼层，视野开阔采光好，证满五年。,415,44324,3室2厅,中楼层,34,精装,北,2010,93.63,万科柏悦湾,大坦沙,荔湾,两梯六户,有,商品房,https://gz.lianjia.com/ershoufang/108403391044.html
此房满五唯一 税费少  格局方正  采光通透  实用率高,此房满五唯一 税费少  格局方正  采光通透  实用率高,338.8,37354,3室2厅,低楼层,18,精装,南,2008,90.7,尚东尚筑,番禺客运站,番禺,两梯四户,有,商品房,https://gz.lianjia.com/ershoufang/108403378793.html
满五精装修，楼层好，望花园，配套设施齐全，交通方便,满五精装修，楼层好，望花园，配套设施齐全，交通方便,285,24569,3室1厅,中楼层,29,精装,东南,2013,116,东方名都,白江,增城,三梯六户,有,商品房,https://gz.lianjia.com/ershoufang/108402818549.html
豪进山湖BZ.中高楼层南向毛胚4房,豪进山湖高品质小区，高楼层南北对流格局.毛坯.,305,23352,4室1厅,高楼层,33,毛坯,南,2013,130.61,豪进山湖BZ,白江,增城,两梯四户,有,商品房,https://gz.lianjia.com/ershoufang/108403072440.html
金地荔湖城 三叠院 正南向　中空大厅　边位,满五年，带20方花园，门口带40方公用草地，自己用，位置安静,276,16298,4室2厅,低楼层,3,精装,南,0,169.35,金地荔湖城,永和,增城,一梯两户,暂无数据,商品房,https://gz.lianjia.com/ershoufang/108402129862.html
金地香山湖，前排看湖大4房，中高层，无遮挡,户型方正 高楼层 南北对流 视野开阔 采光充足。业主诚心出卖,170,12266,4室2厅,高楼层,32,毛坯,南 北,2016,138.6,金地香山湖,永和,增城,两梯四户,有,商品房,https://gz.lianjia.com/ershoufang/108403311250.html
金地荔湖城大花园，三层叠墅，底层可做商铺，使用率高,此房位于小区花园中间，南北向带装修三层叠墅，使用率高,308,16814,5室3厅,低楼层,5,简装,东北,0,183.19,金地荔湖城,永和,增城,一梯一户,暂无数据,商品房,https://gz.lianjia.com/ershoufang/108403065063.html
沙园地铁口 准电梯 南向全明屋 一证两套间 满五年唯一,精装，两套两房一厅，一个购房资格，同时满足刚需，出租两种需求,320,26539,4室2厅,中楼层,8,精装,南 北,2000,120.58,凤凰新村,工业大道北,海珠,一梯三户,无,商品房,https://gz.lianjia.com/ershoufang/108402421197.html
金地荔湖城全新毛坯临湖叠墅诚意出,此房户型方正，实用率高，临湖景观好，带前后花园，业主诚意卖,255,13028,4室2厅,低楼层,3,毛坯,东南,0,195.74,金地荔湖城,永和,增城,一梯两户,无,商品房,https://gz.lianjia.com/ershoufang/108403036935.html
满五唯一，碧桂园稀有复式，南北对流,荔城碧桂园，配套完善，环境宜人，居住舒适， 上学方便,190,11419,4室1厅,高楼层,6,精装,南 北,2008,166.4,荔城碧桂园,荔城西区,增城,一梯四户,无,商品房,https://gz.lianjia.com/ershoufang/108402627176.html
21号线凤岗站地铁口快线，中楼层四房南向望河景,21号线凤岗站地铁口快线，科教城板块。小区管理完善，带车位,225,16233,4室2厅,中楼层,25,精装,南,2018,138.61,碧桂园城市花园漫绿苑,朱村,增城,两梯四户,有,商品房,https://gz.lianjia.com/ershoufang/108403002975.html
广州后花园流溪河畔纯别墅住宅区，有天有地有花  园,"东方夏湾拿2010年的红砖外墙别墅
房屋后面是绿化带，楼间距宽",310,11953,5室3厅,联排,3,简装,东南,2012,259.35,东方夏湾拿,太平镇,从化,,,商品房,https://gz.lianjia.com/ershoufang/108400455098.html
高层精装大5房 三面采光 东南望珠江 西北望花城广场,高楼层看江，实用5房，装修保养新净，少有放卖,4390,186349,5室2厅,高楼层,47,精装,东南,2013,235.58,天銮,珠江新城中,天河,两梯两户,有,商品房,https://gz.lianjia.com/ershoufang/108402721921.html
学府名郡    南向三房    采光通风好户型方正,采光通风好，正南向，户型方正，带装修实用性高,220,17882,3室2厅,高楼层,32,精装,南,2017,123.03,合汇学府名郡,白江,增城,两梯四户,有,商品房,https://gz.lianjia.com/ershoufang/108403124855.html
南北对流，离地铁口，交通方便，,南北对流，离地铁口近，安静无噪音，光泽通透格局,170,11620,4室2厅,低楼层,7,精装,南,0,146.31,逸泉山庄,赤草,从化,一梯两户,有,商品房,https://gz.lianjia.com/ershoufang/108400578331.html
实用四房、南北对流、景观优美、视野开阔、30平方阳台,实用四房、南北对流、景观优美、视野开阔、30平方入户阳台,473,19212,4室2厅,中楼层,24,毛坯,南 北,2011,246.21,翡翠绿洲湖翠苑,凤凰城,增城,两梯两户,有,商品房,https://gz.lianjia.com/ershoufang/108403274204.html
四房，南北对流，保养好，位置安静。,湖山国际、精装三房、南北对流、拎包入住、高层望..,260,18182,4室2厅,中楼层,18,精装,东南,2008,143,合生湖山国际,凤凰城,增城,两梯三户,有,商品房,https://gz.lianjia.com/ershoufang/108403135480.html
新塘地铁口 大三房  税费少 业主诚心放卖,房子是东北，大润发商圈和地铁口新塘站、轻轨站在旁.,225,14127,3室1厅,低楼层,18,毛坯,东北,0,159.28,现代城市花园,新塘北,增城,两梯四户,有,商品房,https://gz.lianjia.com/ershoufang/108402728753.html
东方名都全新未住精装修四房满五年税费少看房方便,满五年，无按揭，地铁口物业，交通便利 配套齐全,248,23148,4室2厅,低楼层,15,精装,南,2012,107.14,东方名都,白江,增城,两梯四户,有,商品房,https://gz.lianjia.com/ershoufang/108402737636.html
广州海伦堡南岗广场傍跃式四房满五 精装修 17500不到,海伦堡花园跃式四房满五，南向小区人车分流。,230,17396,4室2厅,低楼层,12,精装,南,2008,132.22,广州海伦堡,沙村,增城,两梯四户,有,商品房,https://gz.lianjia.com/ershoufang/108402829566.html
豪进山湖BZ 5室2厅 东南,链家网真房源，更多房源信息请联系经纪人,375,19916,5室2厅,低楼层,31,毛坯,东南,2011,188.3,豪进山湖BZ,白江,增城,两梯两户,有,商品房,https://gz.lianjia.com/ershoufang/108403311724.html
嘉仕花园 精装修三房 实用率高 通透对流,此房满五年，免重税。重新改造设计，实用三房，带阳台，对流,380,51283,3室2厅,低楼层,9,精装,西,2003,74.1,嘉仕花园西区,滨江东,海珠,一梯六户,有,商品房,https://gz.lianjia.com/ershoufang/108403236949.html
奢华大平层动静分明，南北对流采光好，地铁就在家门口,奢华大平层动静分明，南北对流采光好，地铁就在家门口,435,15183,5室2厅,中楼层,27,毛坯,南 北,2013,286.52,侨建御溪谷北区,中新镇,增城,两梯两户,有,商品房,https://gz.lianjia.com/ershoufang/108403324292.html
业主诚心割爱南向二次装修3房！,68.9方.方正三房 冬暖夏凉 低密度住宅,168,24384,3室2厅,中楼层,4,精装,南,1995,68.9,祈福新村E区,祈福新村,番禺,一梯一户,无,商品房,https://gz.lianjia.com/ershoufang/108403394974.html
东风东路754号大院 电梯三房 全新装修,东风东 大院管理 户型方正 房改房 满五不唯一 ..,588,80263,3室1厅,高楼层,12,精装,南,1988,73.26,东风东路754号大院,东风东,越秀,一梯两户,有,商品房,https://gz.lianjia.com/ershoufang/108403397125.html
顶楼复式有露台，种花养鱼任你用，实用率zhao高,房产证满五年，格局方正，使用率高，二期中间位置,240,23834,3室1厅,高楼层,7,简装,西北,2001,100.7,朗陶居,桥南,番禺,一梯四户,无,商品房,https://gz.lianjia.com/ershoufang/108403396562.html
花都湖锦砖三房 小区管理 安静不靠路,户型方正，三房，采光通风，视野宽阔，花都湖200米,110,11350,3室1厅,高楼层,8,简装,南,2004,96.92,日昌豪苑,旧区,花都,一梯十户,无,商品房,https://gz.lianjia.com/ershoufang/108403399578.html
满五年少税费，房屋格局好，户型方正,满五年少税费，房屋格局好，户型方正,420,60000,2室1厅,低楼层,8,简装,东南,1999,70,电视台小区,龙口西,天河,一梯八户,无,商品房,https://gz.lianjia.com/ershoufang/108403396532.html
新世界电梯2房，精装修，保养新,此房源满五年唯一物业，税费少，中高层采光好，精装修，不靠马路,305,38938,2室1厅,高楼层,19,精装,西南,2007,78.33,新世界逸彩庭园,蚩,荔湾,两梯八户,有,商品房,https://gz.lianjia.com/ershoufang/108403400282.html
冠庭园精致两房，交通教育娱乐生活便捷,地铁口 满五唯一 精装方正两房 厅出阳台舒适 生活便利配套全面,200,33887,2室1厅,高楼层,6,精装,西南,2001,59.02,冠庭园,沙河,天河,一梯六户,无,商品房,https://gz.lianjia.com/ershoufang/108403398893.html
嘉富广场 3室1厅 南 北,链家网真房源，更多房源信息请联系经纪人,640,68582,3室1厅,高楼层,9,其他,南 北,1999,93.32,嘉富广场,水荫,越秀,两梯十三户,有,商品房,https://gz.lianjia.com/ershoufang/108403399087.html
工业路 此房是三房 框架结构 可以公积金贷款,大厅宽敞明亮，此房是三房，格局比较方正。框架结构,123,13517,3室1厅,中楼层,7,简装,南,0,91,工业路,市桥,番禺,一梯两户,无,商品房,https://gz.lianjia.com/ershoufang/108403401933.html
广州北站，地铁口，舒适大三房。,本房满五年，房子格局方正，采光通风好,160,13418,3室2厅,中楼层,10,精装,北,2012,119.25,云山雅轩,旧区,花都,一梯四户,有,商品房,https://gz.lianjia.com/ershoufang/108403396013.html
康怡居绿化好 环境优美 南向二楼  过五唯一 视野好,康怡居绿化好 环境优美 南向二楼  过五唯一 视野好,265,30196,3室2厅,低楼层,6,精装,南,2002,87.76,祈福新村康怡居,祈福新村,番禺,一梯四户,无,商品房,https://gz.lianjia.com/ershoufang/108403399019.html
原装电梯，精装修，各付各税，低于成交历史,精装修，原装电梯，单边位，低于小区成交记录,245,38408,2室1厅,中楼层,12,精装,西,2000,63.79,金丰花园,赤岗,海珠,一梯五户,有,商品房,https://gz.lianjia.com/ershoufang/108403399041.html
天荣小区 2室1厅 西,链家网真房源，更多房源信息请联系经纪人,450,60330,2室1厅,高楼层,24,精装,西,1997,74.59,天荣小区,天河南,天河,三梯七户,有,商品房,https://gz.lianjia.com/ershoufang/108403402184.html
锦绣半岛金月湾 电梯高层 视野开阔 装修保养好,金月湾三期 中高层采光好 装修保养好,313,33548,3室2厅,高楼层,31,精装,东北,2009,93.3,锦绣半岛金月湾,南浦,番禺,两梯四户,有,商品房,https://gz.lianjia.com/ershoufang/108403397156.html
银利新村电梯高层南向四房 带私家50花园 少有资源,电梯实用四房，南向户型好格局方正，带自己家花园50方,390,41725,4室1厅,高楼层,10,简装,南,0,93.47,银利新村,沙太南,天河,一梯四户,有,商品房,https://gz.lianjia.com/ershoufang/108403400483.html
南向 江燕路南向两房 业主诚意放卖,满五飞唯一  低楼层 视野宽阔 采光充足,170,27446,2室1厅,中楼层,9,其他,东南,0,61.94,江燕路,江燕路,海珠,一梯五户,无,商品房,https://gz.lianjia.com/ershoufang/108403397939.html
五山地铁、华工东秀村少有三房..,此房产权清晰，近地铁，校园内，近饭堂，满五唯一,660,79634,3室1厅,低楼层,9,简装,南,0,82.88,华南理工大学宿舍东秀村,五山,天河,一梯三户,有,房改房,https://gz.lianjia.com/ershoufang/108403405881.html
过五唯一 无按揭 产权清晰无比 新装修直接入住,06年10月收楼入住 保养好直接入住 很温馨的小三房,468,60764,3室2厅,低楼层,28,精装,北,2007,77.02,逸景翠园,广州大道南,海珠,三梯八户,有,商品房,https://gz.lianjia.com/ershoufang/108403405005.html
高档社区清水房，东南向看小区里面,东南向看小区花园，可按照自己喜欢的风格装修,180,17143,3室1厅,低楼层,24,毛坯,南,2002,105,碧桂园凤凰城凤锦苑,凤凰城,增城,两梯四户,有,商品房,https://gz.lianjia.com/ershoufang/108403400081.html
春庭花园 电梯两房精装修 满五唯一 税费少,满五唯一，业主自住，装修保养好，家私家电都是新的。,172,25857,2室1厅,高楼层,9,精装,北,1999,66.52,春庭花园,元下田,白云,一梯四户,有,商品房,https://gz.lianjia.com/ershoufang/108403403278.html
聚龙阁 厅出阳台 大三房 安静舒适  视野开阔,聚龙阁 厅出阳台 安静舒适 大三房 视野开阔,750,69677,3室2厅,高楼层,31,精装,东 东北,2004,107.64,聚龙阁,龙口西,天河,三梯九户,有,商品房,https://gz.lianjia.com/ershoufang/108403402541.html
华侨新村 3室2厅 东南,链家网真房源，更多房源信息请联系经纪人,728,65117,3室2厅,中楼层,7,精装,东南,2000,111.8,华侨新村,淘金,越秀,一梯两户,有,商品房,https://gz.lianjia.com/ershoufang/108403406500.html
东南向三房两卫，花园小区近地铁，省级,东南向三房两卫，花园小区近地铁，省级,630,53161,3室2厅,中楼层,18,简装,南,2002,118.51,江南苑,工业大道北,海珠,两梯九户,有,商品房,https://gz.lianjia.com/ershoufang/108403401966.html
洛溪新城 交通便利 南向两房户型方正,成熟社区，楼层好，采光充足，满五唯一,138,20784,2室2厅,高楼层,7,简装,南 北,1995,66.4,如意二马路,洛溪,番禺,一梯两户,无,商品房,https://gz.lianjia.com/ershoufang/108403401473.html
时代花生 高层南向大阳台3房 南北对流  自住保养好,高层南向大阳台 通风采光好  视野开阔 自住保养好,385,44463,3室1厅,高楼层,32,精装,南,0,86.59,时代花生Ⅱ,同和,白云,两梯四户,有,商品房,https://gz.lianjia.com/ershoufang/108403407092.html
小区环境好 鸟语花香  楼龄新  户型方正 ，满5年,白云山脚下，环境好，南向电梯房，采光好， 户型方正，满5年,260,35288,2室1厅,低楼层,8,精装,东,2003,73.68,白云畔山花园圣地摩坊,梅花园,白云,一梯七户,有,商品房,https://gz.lianjia.com/ershoufang/108403407971.html
保利红棉花园 东南向 大两房 户型好 厅出阳台,满五唯一 东南向 大两房 户型好 厅出阳台 南北对流 全明屋,250,36133,2室2厅,中楼层,9,其他,东南,1997,69.19,保利红棉花园,江燕路,海珠,一梯五户,无,商品房,https://gz.lianjia.com/ershoufang/108403398837.html
芳村花园 厅出阳台 南向户型 中层采光通透,芳村花园 满五唯一  南向厅出阳台 南向户型 中层采光通透,288,36516,2室2厅,中楼层,18,简装,南,1999,78.87,芳村花园,坑口,荔湾,三梯八户,有,商品房,https://gz.lianjia.com/ershoufang/108403405233.html
黄石西路 富力阳光美居 电梯高层3房 采光通风好,过五年不唯一，格局方正，厅出阳台,305,32282,3室2厅,高楼层,16,简装,东,2001,94.48,富力阳光美居,马务,白云,两梯八户,有,商品房,https://gz.lianjia.com/ershoufang/108403402373.html
配套成熟 环境舒适 业主诚心放卖,"业主诚意放卖,近地铁,环境舒服,老城区少有好房",93,27987,1室1厅,高楼层,7,其他,南 北,0,33.23,洪德路,洪德,海珠,一梯四户,无,商品房,https://gz.lianjia.com/ershoufang/108403407614.html
中高层电梯两房 楼龄新 满五唯一 诚心卖,中高层电梯两房 楼龄新 满五唯一 诚心卖,220,35144,2室1厅,高楼层,7,精装,北,2012,62.6,尚境雅筑,罗冲围,白云,一梯五户,有,商品房,https://gz.lianjia.com/ershoufang/108403402077.html
满五年唯一(广东省)省税费，业主诚心卖，装修保养新,此房满五年唯一，业主诚心卖，装修保养新，随时交易,365,40444,3室2厅,低楼层,31,精装,东北,2004,90.25,富力桃园,罗冲围,白云,三梯八户,有,商品房,https://gz.lianjia.com/ershoufang/108403404046.html
厅出阳台，中楼层，望小区花园，过五年唯一免重税,厅出阳台，中楼层，望小区花园，过五年唯一免重税，采光通风好~,380,54395,2室1厅,中楼层,26,其他,西南,2005,69.86,富力广场T区,中山八,荔湾,两梯六户,有,商品房,https://gz.lianjia.com/ershoufang/108403402059.html
广州机务段精装大两房，厅出阳台，楼层低,精致两房，南北格局，视野宽阔，采光通足,140,25226,2室1厅,低楼层,7,简装,南,0,55.5,广州机务段,三元里,越秀,一梯一户,暂无数据,商品房,https://gz.lianjia.com/ershoufang/108403373677.html
精装三房，凤岗地铁站600米位于教育城板块，配套齐全,房子保养好，精装三房，凤岗站600米，位于教育城板块,153.8,18757,3室2厅,中楼层,27,精装,东北,0,82,保利中航城一期,朱村,增城,两梯七户,有,商品房,https://gz.lianjia.com/ershoufang/108403385675.html
仁安花园 3室2厅 北,链家网真房源，更多房源信息请联系经纪人,130,13955,3室2厅,高楼层,11,毛坯,北,0,93.16,仁安花园,朱村,增城,两梯四户,有,商品房,https://gz.lianjia.com/ershoufang/108403384353.html
神岗市场  电梯房  交通方便  生活便利,小区绿化好，交通便利，生活配套成熟,68.8,8473,2室1厅,中楼层,10,毛坯,东南,2013,81.2,人盛巴厘天地,神岗镇,从化,两梯四户,有,商品房,https://gz.lianjia.com/ershoufang/108403389826.html
誉山国际一房一厅.南向.视野开阔.旁边是商场,此房中楼层，南向，位置靓，视野开阔，通透格局好。,25.8,6499,1室1厅,中楼层,28,毛坯,南,0,39.7,合景誉山国际,永和,增城,三梯二十六户,有,商品房,https://gz.lianjia.com/ershoufang/108403401821.html
万科云城米酷 1室0厅 北,链家网真房源，更多房源信息请联系经纪人,39.5,21585,1室0厅,高楼层,18,精装,北,2017,18.3,万科云城米酷,智慧城,天河,七梯一百六十八户,有,商品房,https://gz.lianjia.com/ershoufang/108403403817.html
汇港威华雅苑 3室2厅 南 北,链家网真房源，更多房源信息请联系经纪人,135,12777,3室2厅,中楼层,31,精装,南 北,2018,105.66,汇港威华雅苑,朱村,增城,两梯五户,有,商品房,https://gz.lianjia.com/ershoufang/108403391129.html
高层洋房，稀有南向4房，看花园+白云山景，采光通风好,此房2022.6.30号满五年，南向4房，看花园看白云山,780,63148,4室2厅,高楼层,7,其他,南,0,123.52,万科o境,白云大道南,白云,一梯四户,有,商品房,https://gz.lianjia.com/ershoufang/108403328498.html
誉峰A4栋，四房双主套，高层正南向望花园单边位,此房正南向单边位，楼层好，视野开阔，采光充足，安静望花园。,4150,176943,4室2厅,高楼层,45,精装,南,2007,234.54,誉峰,珠江新城东,天河,两梯两户,有,商品房,https://gz.lianjia.com/ershoufang/108403357624.html
大德路 全新两房 视野开阔 采光充足,中楼层 对流格局 户型方正实用 配套完善 生活便利,90,31668,2室1厅,高楼层,6,精装,东 西,0,28.42,大德路,解放南,越秀,一梯四户,无,商品房,https://gz.lianjia.com/ershoufang/108402859835.html
海联路实用140方电梯平层带小院，一梯两户南北对流。,户型方正 南北对流 大阳台花园,480,54061,4室2厅,高楼层,9,精装,东南,0,88.79,海联路,东晓路,海珠,一梯四户,无,商品房,https://gz.lianjia.com/ershoufang/108403346525.html
温馨舒适  精装修可拎包入住  中楼层采光好  西南望江,温馨舒适，产权清晰，户型方正实用，配套完善,910,54122,5室2厅,中楼层,26,精装,西南,2015,168.14,花语水岸,大坦沙,荔湾,两梯五户,有,商品房,https://gz.lianjia.com/ershoufang/108403366427.html
顺华名庭 电梯三房 此户型方正 少有放盘  满五,中大地铁口，电梯房，配套设施齐全，交通便利,418,45509,3室1厅,高楼层,12,精装,东北,2001,91.85,顺华名庭,新港西,海珠,一梯四户,有,商品房,https://gz.lianjia.com/ershoufang/108403363696.html
云山诗意 满五年，南北对流，通风采光好，户型方正,此物业满五年，南北对流，通风采光好，户型方正，中层望花园,545,40972,4室2厅,中楼层,18,精装,东北 南,2008,133.02,云山诗意,黄边,白云,两梯三户,有,商品房,https://gz.lianjia.com/ershoufang/108403336535.html
城市家园二期 证过5年 大3房 电梯高层 南北对流,城市家园二期 证过5年 大3房 电梯高层 南北对流,142,13035,3室2厅,高楼层,28,简装,北,2007,108.94,城市家园二期,新塘北,增城,四梯十五户,有,商品房,https://gz.lianjia.com/ershoufang/108403382640.html
时代倾城(增城区) 2室1厅 北,链家网真房源，更多房源信息请联系经纪人,85,14913,2室1厅,高楼层,31,精装,北,2011,57,时代倾城(增城区),荔城增江,增城,两梯四户,有,商品房,https://gz.lianjia.com/ershoufang/108403396454.html
南北对流3房，视野好，采光充足,小区地铁口的品质小区，业主自住，装修保养好,210,19743,3室2厅,高楼层,32,精装,南 北,2011,106.37,尚东阳光雅苑,沙村,增城,两梯四户,有,商品房,https://gz.lianjia.com/ershoufang/108403378892.html
锦绣天伦精装两房，中楼层望花园，看房方便！,此房过五年，税费可省5.3%的增值税，业主也是换房诚心!,168,20677,2室2厅,中楼层,33,精装,北,2015,81.25,敏捷锦绣天伦,新塘北,增城,两梯六户,有,商品房,https://gz.lianjia.com/ershoufang/108403390344.html
凤天苑满五年高层大四房 正南向无遮挡 一线景观,业主诚心卖，保养新，高楼层，大四房，优质靠山户型,271,20106,4室2厅,高楼层,24,精装,南,2002,134.79,碧桂园凤凰城凤天苑,凤凰城,增城,两梯四户,有,商品房,https://gz.lianjia.com/ershoufang/108403388491.html
碧桂园凤凰城凤馨苑 4室2厅 西,链家网真房源，更多房源信息请联系经纪人,175,18887,4室2厅,高楼层,18,精装,西,2002,92.66,碧桂园凤凰城凤馨苑,凤凰城,增城,两梯四户,有,商品房,https://gz.lianjia.com/ershoufang/108403386647.html
过五年唯一，中楼层，税费免1%契税1%,此房过五年唯一，户型正方 视野很好 业主自住保养好,129,16071,2室2厅,中楼层,11,精装,北,2014,80.27,富雅都市华庭,新塘北,增城,一梯四户,有,商品房,https://gz.lianjia.com/ershoufang/108403381427.html
中间楼层，户型方正，视野好，采光足,小区环境好，户型方正，采光充足，交通方便。,125,18222,3室2厅,中楼层,32,精装,北,2017,68.6,保利i立方,永和,增城,两梯六户,有,商品房,https://gz.lianjia.com/ershoufang/108403392571.html
锦绣天伦三街3房2卫精装修，业主自住，看房方便！,此房满5不唯一 精装修 保养好 税费低,208,20926,3室2厅,高楼层,33,精装,南,2015,99.4,敏捷锦绣天伦,新塘北,增城,两梯六户,有,商品房,https://gz.lianjia.com/ershoufang/108403396628.html
广州敏捷绿湖首府三期 3室2厅 南,链家网真房源，更多房源信息请联系经纪人,120,10380,3室2厅,低楼层,32,其他,南,2019,115.61,广州敏捷绿湖首府三期,石滩镇,增城,一梯五户,暂无数据,商品房,https://gz.lianjia.com/ershoufang/108403325769.html
岗贝路精装三房 南北对流 双阳台采光通风好,此房满五唯一 户型方正 精装修三房 生活便利,156,22642,3室1厅,中楼层,6,精装,南,0,68.9,岗贝路,机场路,白云,一梯两户,无,商品房,https://gz.lianjia.com/ershoufang/108403329849.html
融创空港经济区 祈福都会 2房 没入住过 看花园,看花园，视野开阔，无遮挡，户型方正实用，业主诚心出卖,88,11402,2室2厅,低楼层,11,精装,北,2009,77.18,祈福都会花园,花山镇,花都,一梯六户,有,商品房,https://gz.lianjia.com/ershoufang/108403331233.html
滨江绿园 3号线旁 精装三房两卫 楼层好 配套设施齐全,此房满5年唯一，税费少，全新精装，还未入住。楼层好采光足,285,31121,3室1厅,中楼层,6,精装,北,2004,91.58,滨江绿园,大石,番禺,一梯四户,无,商品房,https://gz.lianjia.com/ershoufang/108403364626.html
三堂路，大三房 满五年  清晰随时可以过户,此房子满五年，楼层好，采光充足，配套设施齐全 交通便利,125,16150,3室1厅,低楼层,6,精装,东南 南,0,77.4,三堂路,市桥,番禺,一梯两户,无,商品房,https://gz.lianjia.com/ershoufang/108403337908.html
锦绣花园南区  低 楼层 南向望园内,此房满五锦绣花园南区 低楼层  三房  园中安静,178,22195,3室2厅,低楼层,7,简装,东南,1997,80.2,锦绣花园南区,钟村,番禺,一梯四户,无,商品房,https://gz.lianjia.com/ershoufang/108403345162.html
刚需三房，中层，满五税费少，看房方便,刚需三房，中层，满五税费少，看房也方便。,196,24969,3室1厅,中楼层,7,简装,南,2004,78.5,美心东苑,番禺客运站,番禺,一梯两户,无,商品房,https://gz.lianjia.com/ershoufang/108403334988.html
晓翠苑 2室1厅 北,链家网真房源，更多房源信息请联系经纪人,151,24502,2室1厅,高楼层,15,简装,北,1999,61.63,晓翠苑,机场路,白云,一梯六户,有,商品房,https://gz.lianjia.com/ershoufang/108403364788.html
亚运城天成2区 3室1厅 南,链家网真房源，更多房源信息请联系经纪人,314,32648,3室1厅,高楼层,50,精装,南,2019,96.18,亚运城天成2区,亚运城,番禺,三梯六户,有,商品房,https://gz.lianjia.com/ershoufang/108403363530.html
诚心卖，户型方正，南北对流，采光好,南北对流，视野开阔，采光充足，居住环境好,133,11514,3室2厅,低楼层,32,毛坯,南,2017,115.52,金地香山湖,永和,增城,两梯四户,有,商品房,https://gz.lianjia.com/ershoufang/108403349233.html
金海岸花园聚湖 3室1厅 西,链家网真房源，更多房源信息请联系经纪人,373,38035,3室1厅,中楼层,17,精装,西,2014,98.07,金海岸花园聚湖,番禺客运站,番禺,两梯六户,有,商品房,https://gz.lianjia.com/ershoufang/108403336439.html
此房满两年，业主包增值税，全新装修、三面采光！,此房满两年，业主包增值税，新装修三房，通风采光好！,123,19432,3室1厅,高楼层,6,精装,南,0,63.3,清河中路,市桥,番禺,一梯三户,无,商品房,https://gz.lianjia.com/ershoufang/108403360247.html
金玫瑰苑 高层电梯两房 厅出阳台 视野好,高层厅出阳台，封闭式管理花园小区，全明屋,295,44854,2室1厅,高楼层,19,简装,东,1999,65.77,嘉鸿花园金玫瑰苑,东晓南,海珠,两梯九户,有,商品房,https://gz.lianjia.com/ershoufang/108403328215.html
地铁口物业 刚需方正3房 采光充足 配套成熟  格局好,采光布局好，小区经改造后环境干净整洁，地铁口在家门,96,9982,3室2厅,高楼层,6,精装,东南,0,96.18,培新楼,旧区,花都,一梯八户,暂无数据,商品房,https://gz.lianjia.com/ershoufang/108403367475.html
保利地铁两房 望花园 三期好楼层 视野宽阔 安静舒适！,保利地铁两房 望花园 三期好楼层 视野宽阔 安静舒适！,118,14644,2室2厅,中楼层,26,简装,北,2012,80.58,保利城花园,秀全街,花都,两梯五户,有,商品房,https://gz.lianjia.com/ershoufang/108403344567.html
东向小2房，户型方正，阳光充足,东向小2房，户型方正，交通购物便利，近地铁,102.8,16806,2室1厅,低楼层,28,简装,东,2007,61.17,城市家园二期,新塘北,增城,四梯十五户,有,商品房,https://gz.lianjia.com/ershoufang/108403334149.html
入门级好房！鸟语花香公园旁，大厅大房好楼层,房屋过五年广东唯一，低于市场实属难得，正规两房通风采光,108,19303,2室1厅,中楼层,9,简装,东 西 北,0,55.95,桂花岗,桂花岗,越秀,一梯三户,无,商品房,https://gz.lianjia.com/ershoufang/108403368403.html
中曦大厦 3室1厅 东南,链家网真房源，更多房源信息请联系经纪人,760,73551,3室1厅,中楼层,32,精装,东南,2001,103.33,中曦大厦,北京路,越秀,三梯八户,有,商品房,https://gz.lianjia.com/ershoufang/108403365739.html
格局通透 户型方正 双阳台 小区环境优美安静 交通便利,格局通透 户型方正 双阳台 小区环境优美安静 交通便利,249,22730,3室1厅,高楼层,31,毛坯,东 西 北,2016,109.55,碧桂园豪进广场,白江,增城,两梯五户,有,商品房,https://gz.lianjia.com/ershoufang/108403364149.html
电梯便宜两房 厅出阳台 户型方正 通风采光好 随时可看,产权清晰，满五唯一，无抵押，业主在外地没时间搭理,175,27297,2室1厅,低楼层,17,精装,东,2000,64.11,汇侨新城南区,新市,白云,两梯十二户,有,商品房,https://gz.lianjia.com/ershoufang/108403360706.html
路劲天隽峰 南北对流单位 安静不靠路 户型双阳台设计,南北 对流，夜景好靓，，自驾或公共交通都便利,310,27928,3室2厅,中楼层,32,精装,西南,2019,111,路劲天隽峰,旧区,花都,两梯四户,有,商品房,https://gz.lianjia.com/ershoufang/108403352424.html
过五年唯一，地铁口，小区安静舒适，管理好,过五年唯一，地铁口，小区安静舒适，管理好,235,21183,3室1厅,高楼层,18,毛坯,南,2013,110.94,假日花园,白江,增城,两梯五户,有,商品房,https://gz.lianjia.com/ershoufang/108403370112.html
金口岸大厦 市桥芯  繁华中  满五 电梯高层,幸福就是有家回，电梯高层  方正三房，推窗见景 随时看房,288,26073,3室1厅,高楼层,22,简装,东南,2003,110.46,金口岸大厦,市桥,番禺,两梯六户,有,商品房,https://gz.lianjia.com/ershoufang/108403369136.html
富力桃园 中层实用两房 视野开阔景观棒,满五 中楼层视野开阔 采光通风好,294,39096,2室1厅,中楼层,30,精装,东北,2009,75.2,富力桃园,罗冲围,白云,三梯八户,有,商品房,https://gz.lianjia.com/ershoufang/108403366960.html
电梯高层望江，采光通风好，过五唯一,此房楼层好，采光充足，视野好，设施配套齐全，交通便利,270,26920,3室1厅,中楼层,16,简装,东,1997,100.3,丽江花园德荫楼,南浦,番禺,一梯十一户,有,商品房,https://gz.lianjia.com/ershoufang/108403352012.html
光南街   精装修  带平台  可公积金 过5年物业,精装三房，玻码框架，可做公积金贷款。,120,19078,3室1厅,中楼层,8,精装,南,0,62.9,光明南路,市桥,番禺,一梯两户,无,商品房,https://gz.lianjia.com/ershoufang/108403367702.html
宝岗大道怡雅苑二期三房2卫通风透气采光好,过五不唯一，此房是怡雅苑二期 厅出阳台 业主诚意卖,418,39802,3室2厅,中楼层,16,简装,西北,1999,105.02,怡雅苑(海珠),宝岗,海珠,两梯七户,有,商品房,https://gz.lianjia.com/ershoufang/108403370398.html
华侨新村团结路大四房，东南北单边，户型方正通风对流,华侨，东南北单边位，格局方正实用，环境优美，安静不吵,900,69703,4室2厅,低楼层,6,其他,南,2000,129.12,华侨新村,淘金,越秀,一梯三户,无,商品房,https://gz.lianjia.com/ershoufang/108403349052.html
岗贝社区白沙新村  精装实用三房  明亮方正看房方便,低层精装修实用三房，方正安静，新净明亮，低税费；,138,25485,3室2厅,低楼层,9,精装,南 北,1998,54.15,白沙新村,机场路,白云,一梯三户,无,商品房,https://gz.lianjia.com/ershoufang/108403355640.html
格局方正，低楼层，南北对流，小区管理。,格局方正，低楼层，南北对流，小区管理。,58.5,9349,3室2厅,低楼层,7,简装,南 北,0,62.58,商业大道,旧区,花都,一梯两户,暂无数据,商品房,https://gz.lianjia.com/ershoufang/108403358072.html
南北对流，采光通风，税费少，刚需就是他,框架结构可以公积金，产权清晰， 过五年免增值税,164,16165,3室1厅,高楼层,7,简装,南 北,2003,101.46,丹桂园,市桥,番禺,一梯四户,无,商品房,https://gz.lianjia.com/ershoufang/108403366470.html
户型方正，三房带主套，厅出阳台，风景优美,此房子过五唯一，采光充足，厅出阳台，南北对流，通风透气,238,36442,3室2厅,中楼层,8,精装,南 北,1999,65.31,银建小区,周门,荔湾,一梯两户,无,房改房,https://gz.lianjia.com/ershoufang/108403369810.html
距离3号线市桥地铁800米，过五年，唯一.,在3号线地铁沿线，1公里范围内，原装3房，，过五年唯一..,160,19121,3室2厅,低楼层,32,简装,西,1998,83.68,侨基花园,市桥,番禺,三梯八户,有,商品房,https://gz.lianjia.com/ershoufang/108403364072.html
户型方正 通风采光好，南向安静望花园，交通便利，,户型方正 通风采光好，南向安静望花园，交通便利，,368,47793,2室1厅,高楼层,19,精装,南,1996,77,广海花园,天河公园,天河,两梯八户,有,商品房,https://gz.lianjia.com/ershoufang/108403340008.html
西门口精装3房1厅 东南向 厅出阳台,3房1厅东南向厅出阳台，户型方正，满五免增值税,210,32823,3室1厅,低楼层,9,精装,东南,0,63.98,诗书路,人民路,越秀,一梯三户,无,商品房,https://gz.lianjia.com/ershoufang/108403352558.html
运动员村南向  次顶配置 采光通风好 证过五年唯一,次顶楼配置，采光通风好，证过五年唯一，两卫都重做了防水。,318,27129,3室2厅,高楼层,11,精装,南,2009,117.22,亚运城运动员村一区,亚运城,番禺,一梯两户,有,商品房,https://gz.lianjia.com/ershoufang/108403365189.html
中间位置，南向四房，望花园，楼层好，景观好,中间位置，南向四房，望花园，楼层好，景观好,305,40137,4室2厅,低楼层,32,毛坯,南,0,75.99,君华香柏御府,沙湾,番禺,三梯十户,有,商品房,https://gz.lianjia.com/ershoufang/108403335192.html
路劲天隽峰 电梯中层  没住过人 东南向 视野无遮挡,全天有光线，交通便利，教育氛围好，小区管理好，南北对流,258,26623,3室2厅,中楼层,32,精装,东南 南,2019,96.91,路劲天隽峰,旧区,花都,两梯四户,有,商品房,https://gz.lianjia.com/ershoufang/108403338932.html
南向高层望江无遮挡 证满两年可以交易 双公园在盘边,此房源纯南向高层望江无任何遮挡，产权清晰满二唯一无抵押,1200,92351,4室2厅,高楼层,39,精装,南,2017,129.94,金融街融御,工业大道南,海珠,三梯四户,有,商品房,https://gz.lianjia.com/ershoufang/108403362702.html
5号线文冲站，小区安静，交通便利，使用率高,5号线文冲站，带平台两房，使用率高,150,26316,2室1厅,低楼层,5,精装,南 北,1997,57,省机施大院,文冲,黄埔,一梯两户,无,商品房,https://gz.lianjia.com/ershoufang/108403348737.html
业主诚心出手，南向大三房保养好，安静，舒适,业主诚心出手，南向大三房保养好，安静，舒适,240,25454,3室2厅,低楼层,34,精装,东南,0,94.29,万科里享家,科学城,黄埔,两梯六户,有,商品房,https://gz.lianjia.com/ershoufang/108403350818.html
业主诚心出手，里享家刚需实用4房，高层视野开阔,业主诚心出手，里享家刚需实用4房，高层视野开阔,224,24240,4室2厅,高楼层,34,精装,东北,0,92.41,万科里享家,科学城,黄埔,两梯六户,有,商品房,https://gz.lianjia.com/ershoufang/108403351457.html
金泽豪庭，南向三房，安静舒适，拎包入住,金泽豪庭，南向三房，安静舒适，保养好，拎包入住,188,21058,3室1厅,中楼层,26,精装,南,2007,89.28,金泽豪庭,白江,增城,两梯四户,有,商品房,https://gz.lianjia.com/ershoufang/108403332491.html
翠城少有物业，四期南向看花园，三房两卫，装修保养靓,此房是翠城比较少有，比较少放盘的三房两卫，而且是南向看花园。,730,63429,3室2厅,高楼层,33,精装,南,2009,115.09,翠城花园,江燕路,海珠,三梯八户,有,商品房,https://gz.lianjia.com/ershoufang/108403357784.html
满五唯一 格局方正 实用面积大 南北对流 带精装修,此房满五唯一，格局方正，楼层好，视野宽阔，采光充足,186,28021,3室1厅,高楼层,7,精装,南,0,66.38,农工商宿舍,同和,白云,一梯三户,暂无数据,房改房,https://gz.lianjia.com/ershoufang/108403351969.html
临缤纷汇精装南向160别墅，诚意放卖,此房南向，过五年广州市唯一，保养好。,486,37830,4室2厅,独栋,1,精装,南,1995,128.47,祈福新村C区,祈福新村,番禺,,,商品房,https://gz.lianjia.com/ershoufang/108403339984.html
可逸豪苑 南向三房带主套 厅出阳台 看房方便,过五年，高档小区，花园小区，管理很好，出入方便，配套齐全。,610,61879,3室2厅,高楼层,32,精装,南,2010,98.58,可逸豪苑,宝岗,海珠,三梯六户,有,商品房,https://gz.lianjia.com/ershoufang/108403332375.html
光大花园 双阳台 满五唯一   乐峰商圈 楼龄新,此房户型方正，朝北向，间隔实用，视野好，采光充足,448,61505,2室1厅,中楼层,11,精装,东北,2006,72.84,光大花园,工业大道北,海珠,一梯四户,有,商品房,https://gz.lianjia.com/ershoufang/108403340587.html
气宇轩昂 拎包入住 精致两房 阳光充足 大阳台 楼层好,气宇轩昂  西南无遮挡视野 精致两房 大阳台 楼层好 采光充足,299,36674,2室1厅,中楼层,31,精装,西南,2004,81.53,富力桃园,罗冲围,白云,三梯六户,有,商品房,https://gz.lianjia.com/ershoufang/108403340803.html
越秀区 三楼 户型靓 方正 随时可以看,越秀区 三楼 户型靓 方正 随时可以看 满五年,132,23576,2室1厅,中楼层,7,简装,南 东南,0,55.99,铁路大院,流花站前,越秀,一梯三户,无,商品房,https://gz.lianjia.com/ershoufang/108403342552.html
小区很舒服的栋数，南向单边位望山。装修新净保养好。,这套房证满2年，产权清晰，南向单边位望山。装修新净保养好。,106,9537,3室2厅,低楼层,24,精装,南,2014,111.15,逸泉映翠,江浦街,从化,两梯四户,有,商品房,https://gz.lianjia.com/ershoufang/108403357337.html
怡芳苑电梯2房 南向宽楼距  花园小区,"该房子通风采光充足，适合新婚・老人‘一家三口的家庭居住
绿..",210,33904,2室1厅,低楼层,9,简装,南,1995,61.94,怡芳苑,花地湾,荔湾,一梯四户,有,商品房,https://gz.lianjia.com/ershoufang/108403349866.html
同德花园 低层南向 望花园 景观好 安静不吵,此房满五唯一，产权清晰，户型靓，秒杀房源！,140,25501,2室1厅,中楼层,8,简装,南,1998,54.9,同德花园同景苑,同德围,白云,一梯三户,无,商品房,https://gz.lianjia.com/ershoufang/108403351594.html
交委小区 高层两房 实用率高 景观好,交委小区 实用两房一厅。地铁景云路已动工，高层景观好,125,24258,2室2厅,高楼层,9,简装,北,1999,51.53,广园云苑新村,景泰,白云,一梯三户,无,商品房,https://gz.lianjia.com/ershoufang/108403373221.html
此房满五唯一，南北对流，中高层，视野开阔。。。,南北对流，精装修，采光充足，中高楼层，人车分流。,165,17395,3室1厅,高楼层,18,精装,南 北,0,94.86,合景誉山国际,永和,增城,两梯四户,有,商品房,https://gz.lianjia.com/ershoufang/108403360143.html
星汇海珠湾 望江四房 次新房 中间楼层视野开阔,此房是正规南向四房 南北对流户型 使用率高 采光视野好 可望江,800,73147,4室2厅,中楼层,55,精装,南,0,109.37,越秀星汇海珠湾,工业大道中,海珠,三梯六户,有,商品房,https://gz.lianjia.com/ershoufang/108403361862.html
东涌路精装修三房  低楼层采光好 生活配套齐全,此房证过5年不唯一，一楼出入方便，采光好 精装修,123,20331,3室1厅,低楼层,7,精装,东,0,60.5,东涌路,市桥,番禺,一梯两户,无,商品房,https://gz.lianjia.com/ershoufang/108403343100.html
精装电梯三房 带大平台 花园小区 近地铁,房子已经满五年 全新装修 带60方大平台仅自己用 近地铁,195,31296,3室1厅,低楼层,15,精装,北,1995,62.31,金迪城市花园,机场路,白云,两梯十二户,有,商品房,https://gz.lianjia.com/ershoufang/108403358160.html
厅出阳台南向 楼梯中层 格局好 小区新,房子是过五年唯一，免个税，楼梯中层，格局方正，厅出阳台南向,179,22317,3室1厅,中楼层,8,简装,南,1999,80.21,晓翠苑,机场路,白云,一梯八户,无,商品房,https://gz.lianjia.com/ershoufang/108403345749.html
满五唯一 格局方正 实用面积大 南北对流 带精装修,此房满五唯一，格局方正，楼层好，视野宽阔，采光充足,186,28021,3室1厅,高楼层,7,精装,南,0,66.38,农工商宿舍,同和,白云,一梯三户,暂无数据,房改房,https://gz.lianjia.com/ershoufang/108403351969.html
光大花园 双阳台 满五唯一   乐峰商圈 楼龄新,此房户型方正，朝北向，间隔实用，视野好，采光充足,448,61505,2室1厅,中楼层,11,精装,东北,2006,72.84,光大花园,工业大道北,海珠,一梯四户,有,商品房,https://gz.lianjia.com/ershoufang/108403340587.html
可逸豪苑 南向三房带主套 厅出阳台 看房方便,过五年，高档小区，花园小区，管理很好，出入方便，配套齐全。,610,61879,3室2厅,高楼层,32,精装,南,2010,98.58,可逸豪苑,宝岗,海珠,三梯六户,有,商品房,https://gz.lianjia.com/ershoufang/108403332375.html
气宇轩昂 拎包入住 精致两房 阳光充足 大阳台 楼层好,气宇轩昂  西南无遮挡视野 精致两房 大阳台 楼层好 采光充足,299,36674,2室1厅,中楼层,31,精装,西南,2004,81.53,富力桃园,罗冲围,白云,三梯六户,有,商品房,https://gz.lianjia.com/ershoufang/108403340803.html
富力广场S区 厅出阳台 南向户型方正 有平台使用,户型方正南向 视野采光好 有平台可以使用,788,61679,3室1厅,低楼层,18,精装,南,2005,127.76,富力广场S区,中山八,荔湾,两梯六户,有,商品房,https://gz.lianjia.com/ershoufang/108403366457.html
户型方正 通风采光好，南向安静望花园，交通便利，,户型方正 通风采光好，南向安静望花园，交通便利，,368,47793,2室1厅,高楼层,19,精装,南,1996,77,广海花园,天河公园,天河,两梯八户,有,商品房,https://gz.lianjia.com/ershoufang/108403340008.html
时代南湾 4室1厅 东南,链家网真房源，更多房源信息请联系经纪人,369,21300,4室1厅,低楼层,24,精装,东南,2012,173.24,时代南湾,南沙港,南沙,两梯四户,有,商品房,https://gz.lianjia.com/ershoufang/108403361668.html
店长推荐：电梯小三房，精装修拎包入住，业主诚心卖,"此房满五唯一
精装修拎包入住
两房改的三房，实用性高",210,25748,3室2厅,中楼层,6,精装,北,2002,81.56,东方白云花园,市桥北,番禺,一梯四户,有,商品房,https://gz.lianjia.com/ershoufang/108403338960.html
越秀区 三楼 户型靓 方正 随时可以看,越秀区 三楼 户型靓 方正 随时可以看 满五年,132,23576,2室1厅,中楼层,7,简装,南 东南,0,55.99,铁路大院,流花站前,越秀,一梯三户,无,商品房,https://gz.lianjia.com/ershoufang/108403342552.html
雅居乐剑桥郡高层望花园东南向3房 采光好位置安静,此房满五没有增值税，高层望小区花园，采光好位置安静不吵。。。,505,44949,3室2厅,高楼层,30,精装,东南,2010,112.35,广州雅居乐花园剑桥郡,雅居乐,番禺,两梯六户,有,商品房,https://gz.lianjia.com/ershoufang/108403344093.html
低门槛2房，电梯平层，精装修拎包入住,低总预算，电梯平层年长年少都适合居住。精装修拎包入住,113,34877,2室1厅,高楼层,9,精装,东,1993,32.4,广园云苑新村,景泰,白云,一梯六户,有,商品房,https://gz.lianjia.com/ershoufang/108403359761.html
临缤纷汇精装南向160别墅，诚意放卖,此房南向，过五年广州市唯一，保养好。,486,37830,4室2厅,独栋,1,精装,南,1995,128.47,祈福新村C区,祈福新村,番禺,,,商品房,https://gz.lianjia.com/ershoufang/108403339984.html
金碧一期 花园中间 中层洋房 过五年唯一 看房方便,过五年有心卖，房屋空置，中高层，花园中间位置,265,39121,2室2厅,中楼层,22,其他,西,2000,67.74,金碧花园第一金碧,金碧,海珠,两梯九户,有,商品房,https://gz.lianjia.com/ershoufang/108403370390.html
此房装修精致，安静舒适，户型方正，光线充足,此房装修精致，安静舒适，户型方正，光线充足,167,13584,3室1厅,中楼层,18,精装,南,2014,122.94,尚品雅居领秀,秀全街,花都,两梯四户,有,商品房,https://gz.lianjia.com/ershoufang/108403368127.html
福莱花园，户型方正，采光充足，东南向3房安静，不占,此房满五唯一，户型方正，采光充足，原装电梯 东南向3房安静.,556,58459,3室1厅,低楼层,30,精装,东南,1997,95.11,福莱花园,水荫,越秀,三梯八户,有,商品房,https://gz.lianjia.com/ershoufang/108403336982.html
万科尚城实用三房 楼年新 配套齐全 望花园,电梯中高层，望花园，三阳台，复式三房，实用率高，可以交易,265,41550,3室1厅,低楼层,34,精装,东北,0,63.78,万科尚城,夏园,黄埔,两梯八户,有,商品房,https://gz.lianjia.com/ershoufang/108403243976.html
满五唯一差额征税免重税，精装大四房南向大阳台朝花园,天誉精装大四房，朝花园，南向大阳台，南北通风好，格局方正,460,24092,4室2厅,低楼层,55,精装,南,2013,190.94,亚运城天誉,亚运城,番禺,四梯六户,有,商品房,https://gz.lianjia.com/ershoufang/108402243027.html
满五 户型方正 望江 望花园 对流 光大三期榕岸 少有,满五年 户型方正 望江 对流 楼龄新,1170,79280,4室2厅,高楼层,33,精装,东南 西北,2006,147.58,光大花园榕岸,工业大道北,海珠,两梯五户,有,商品房,https://gz.lianjia.com/ershoufang/108403179807.html
天马河国际公馆  格局方正   通风采光好,小区坏境优美管理严格，交通便利，停车方便购物方便,300,11620,6室2厅,低楼层,33,毛坯,南 北,2016,258.18,天马河国际公馆,旧区,花都,一梯四户,有,商品房,https://gz.lianjia.com/ershoufang/108403149735.html
近地铁 三房明窗 双阳台 套内实用率90%,实用高 中楼层 楼道好走 且近市二宫地铁,182,26146,3室1厅,中楼层,7,简装,东 东南 东北,0,69.61,前进路(海珠),前进路,海珠,一梯两户,无,商品房,https://gz.lianjia.com/ershoufang/108402600104.html
全南向大三房  户型方正  实用  品质好,全南向大三房    实用  品质好  管理好  国企开发商 近地铁口,800,65110,3室1厅,中楼层,42,精装,南,0,122.87,珠江金茂府,广钢新城,荔湾,三梯五户,有,商品房,https://gz.lianjia.com/ershoufang/108403049981.html
宝岗大道 3室1厅 东南,链家网真房源，更多房源信息请联系经纪人,278,39641,3室1厅,高楼层,9,精装,东南,0,70.13,宝岗大道,宝岗,海珠,七梯一户,有,商品房,https://gz.lianjia.com/ershoufang/108403114745.html
楼龄新，配套成熟，交通便利，旺中带静。,楼龄新，处于江南西商圈配套成熟，交通便利，旺中带静。,660,50653,3室2厅,高楼层,30,简装,西南,2009,130.3,江南花园,宝岗,海珠,两梯八户,有,商品房,https://gz.lianjia.com/ershoufang/108402965370.html
轻工学院 电梯高层三房 南向安静实用视野开阔,电梯高层 南向3房 双阳台 安静望园林 一梯两户,488,47504,3室2厅,高楼层,9,简装,东南,1994,102.73,广东轻工学院宿舍,新港西,海珠,一梯两户,有,房改房,https://gz.lianjia.com/ershoufang/108402879748.html
近执信，大四房，接近参考Jia的诚意出房,此房精装修钻石型主卧四房，保养很好。南北通透采光通风好。,675,33750,4室2厅,低楼层,9,精装,南 北,0,200,广州星河湾悦心园,星河湾,番禺,一梯两户,有,商品房,https://gz.lianjia.com/ershoufang/108402692489.html
光大花园五期，望花园美景视野开阔，满五年,证过五年，海珠区少有的低密度高绿化小区,1480,83616,5室2厅,低楼层,32,精装,南,2010,177,光大花园中海锦榕湾,工业大道北,海珠,三梯六户,有,商品房,https://gz.lianjia.com/ershoufang/108402418534.html
高层精装修 视野好 一线江景洋房 户型方正,格局方正，高楼层精装修 一线江景洋房 采光充足,124,8495,4室2厅,高楼层,25,精装,南,2011,145.97,颐和盛世,炭步,花都,两梯四户,有,商品房,https://gz.lianjia.com/ershoufang/108403070315.html
鹭江地铁150米 附大平台 实用率高 k改四房 准电梯,鹭江地铁口，东西对流大三房，户型方正，实用率高，准电梯房,355,33523,3室2厅,低楼层,8,简装,东 西,0,105.9,新蛘蛘府宿舍,新港西,海珠,一梯三户,无,房改房,https://gz.lianjia.com/ershoufang/108402847359.html
珠光新城御景二期 一线江景南向4房  视野开阔,楼龄新 全新未住 一线江景南向4房  视野开阔  户型方正实用,2311,149813,4室2厅,中楼层,23,精装,南 北,2017,154.26,珠光新城御景二期,珠江新城东,天河,两梯二十六户,有,商品房,https://gz.lianjia.com/ershoufang/108403091491.html
嘉仕花园东区 三房带主套 业主诚心卖 户型实用方正,嘉仕花园东区 三房带主套 厨房客厅宽敞 户型实用方正,589,55290,3室2厅,低楼层,16,简装,西,2000,106.53,嘉仕花园东区,滨江东,海珠,两梯八户,有,商品房,https://gz.lianjia.com/ershoufang/108403173317.html
逸泉山庄居住环境舒适，交通出现方便，依山傍水 .,北看流溪河，格局方正，楼层好，视野开阔，采光好。,276,14735,4室2厅,低楼层,3,毛坯,南,0,187.32,逸泉山庄,赤草,从化,一梯一户,暂无数据,商品房,https://gz.lianjia.com/ershoufang/108402277931.html
东华西中层三面单边 3阳台双主套,框架结中层，3面单边，采光好，有位置加装电梯，,448,40259,4室1厅,中楼层,9,精装,东南,0,111.28,东华西路,东川路,越秀,一梯四户,无,商品房,https://gz.lianjia.com/ershoufang/108402239332.html
此房南北通透向后看花园满5年精装修 全新 四房大户型,此房南北通透向后看花园满5年精装修 全新 四房大户型,333,18850,4室2厅,中楼层,10,精装,南 北,2011,176.66,新都盛世名门,白江,增城,一梯两户,有,商品房,https://gz.lianjia.com/ershoufang/108402984790.html
珠光新城御景二期 一线江景南向4房  视野开阔,楼龄新 全新未住 一线江景南向4房  视野开阔  户型方正实用,2311,149813,4室2厅,中楼层,23,精装,南 北,2017,154.26,珠光新城御景二期,珠江新城东,天河,两梯二十六户,有,商品房,https://gz.lianjia.com/ershoufang/108403091491.html
新塘高档小区 俩梯三户，满五唯一 值得拥有,此房满五唯一，户型方正，视野开阔，楼层好，采光充足,258,20917,3室2厅,高楼层,20,毛坯,南 北,2011,123.35,豪进山湖BZ,白江,增城,两梯三户,有,商品房,https://gz.lianjia.com/ershoufang/108403049335.html
加拿大花园的顶层少有复式4房，看房方便。,此房满五唯一，看房方便！采光充足，视野开阔，设施配套齐全..,861,35161,4室2厅,高楼层,23,简装,北 东北,1995,244.88,加拿大花园,华景新城,天河,三梯八户,有,商品房,https://gz.lianjia.com/ershoufang/108401226614.html
望南湖一线湖景 中间楼层 有钥匙随时看房,中间楼层，视野开阔，正望南湖，有钥匙看房方便 业主诚意出*,935,38775,5室2厅,中楼层,17,毛坯,南 北,2007,241.14,山水庭苑,南湖,白云,两梯三户,有,商品房,https://gz.lianjia.com/ershoufang/108402428332.html
紫龙大街方正原装电梯三房，江南西地铁，东南向视野好,紫龙大街方正原装电梯三房，江南西地铁，东南向视野好,385,45671,3室1厅,中楼层,18,精装,东南 北,0,84.3,江南西路,江南西,海珠,两梯八户,有,商品房,https://gz.lianjia.com/ershoufang/108402463257.html
桃园C区南北对流小三房，客厅看花园,南北对流格局，采光通风良好。楼龄新，视野较好,485,37983,3室2厅,低楼层,30,精装,南,2006,127.69,富力桃园,罗冲围,白云,三梯六户,有,商品房,https://gz.lianjia.com/ershoufang/108402211504.html
区府板块 电梯南北向 有钥匙 拎包入住,此房屋南北透格局 装修新 视野宽阔 采光充足,245,18305,3室2厅,高楼层,7,精装,南,0,133.85,金菊花,旧区,花都,一梯两户,暂无数据,商品房,https://gz.lianjia.com/ershoufang/108403280446.html
路劲二期东南向三房带主套，看花园,此房满五年，全新毛坯，自由改造，东南向三房看花园,188,16069,3室2厅,中楼层,11,毛坯,东南,0,117,路劲隽悦豪庭二期三期,花城街,花都,一梯三户,有,商品房,https://gz.lianjia.com/ershoufang/108403185297.html
东北向望江望塔 景观漂亮 户型方正,视野开阔 采光通充足 配套设施完善 交通便利 东向望广州塔,505,49149,3室2厅,高楼层,32,简装,东北,2004,102.75,海天花苑,滨江东,海珠,三梯八户,有,商品房,https://gz.lianjia.com/ershoufang/108402882605.html
新 洛溪新城江边别墅区，经济划算，各付各税无按揭,性J比高，此别墅为双连体，位置安静，毛坯状态可自己设计扩充,864,34881,5室3厅,低楼层,1,毛坯,东南,1995,247.7,裕景花园西区,洛溪,番禺,一梯一户,无,商品房,https://gz.lianjia.com/ershoufang/108403036897.html
满五唯一，电梯四房，看房方便！,南北对流，采光好，楼上阁楼还有厕所。星空房，视野很好！,183,16188,4室3厅,高楼层,7,精装,南,0,113.05,新康花园,白江,增城,一梯两户,有,商品房,https://gz.lianjia.com/ershoufang/108402465730.html
豪逸名苑 户型通透 看花园  格局方正 位置安静 采光好,看花园  位置安静  格局方正  交通便利  采光不错,178,12013,4室2厅,中楼层,18,毛坯,东北,0,148.18,豪逸名苑,旧区,花都,两梯六户,有,商品房,https://gz.lianjia.com/ershoufang/108400475632.html
凤荔苑楼龄新 双阳台 南北对流 高楼层 带两车位 笋！,房源业主保养新颖，高楼层景观优美 视野开阔,218,17734,3室2厅,高楼层,29,精装,南 北,2018,122.93,碧桂园凤凰城凤荔苑,凤凰城,增城,两梯四户,有,商品房,https://gz.lianjia.com/ershoufang/108403067255.html
双层叠墅靠边位，南北对流望湖景。精装好，南北对流,双层叠墅靠边位，南北对流望湖景。精装好，南北对流,270,15027,4室2厅,低楼层,3,精装,南 北,0,179.68,金地荔湖城,永和,增城,一梯两户,暂无数据,商品房,https://gz.lianjia.com/ershoufang/108403115039.html
过5年不唯一，东南向电梯3房，格局方正，方便看房,过5年不唯一，东南向电梯3房，格局方正，方便看房,550,46718,3室2厅,中楼层,28,其他,南,2000,117.73,海印南苑,东晓路,海珠,三梯八户,有,商品房,https://gz.lianjia.com/ershoufang/108403036706.html
汇东国际花园三房毛坯笋盘，满5年可过户,有钥匙，看房方便，三房大户型，*大入户花园,219,18091,3室2厅,低楼层,28,毛坯,东南,2010,121.06,汇东国际花园,白江,增城,两梯四户,有,商品房,https://gz.lianjia.com/ershoufang/108402377909.html
：南北格局好，视野宽阔，交通便利,"：
南北格局好，视野宽阔，交通便利",255,17411,6室2厅,低楼层,3,简装,南,0,146.46,东方夏湾拿,太平镇,从化,一梯一户,暂无数据,商品房,https://gz.lianjia.com/ershoufang/108403134238.html
江南大道中 新装修3房 近地铁 上车神盘,满五年唯一  配套成熟  近地铁  业主诚心出手,245,30990,3室1厅,中楼层,9,精装,西南 西,0,79.06,江南大道中,江南大道中,海珠,一梯四户,无,商品房,https://gz.lianjia.com/ershoufang/108402892167.html
区府板块 电梯南北向 有钥匙 拎包入住,此房屋南北透格局 装修新 视野宽阔 采光充足,245,18305,3室2厅,高楼层,7,精装,南,0,133.85,金菊花,旧区,花都,一梯两户,暂无数据,商品房,https://gz.lianjia.com/ershoufang/108403280446.html
东北向望江望塔 景观漂亮 户型方正,视野开阔 采光通充足 配套设施完善 交通便利 东向望广州塔,505,49149,3室2厅,高楼层,32,简装,东北,2004,102.75,海天花苑,滨江东,海珠,三梯八户,有,商品房,https://gz.lianjia.com/ershoufang/108402882605.html
汇东国际花园三房毛坯笋盘，满5年可过户,有钥匙，看房方便，三房大户型，*大入户花园,219,18091,3室2厅,低楼层,28,毛坯,东南,2010,121.06,汇东国际花园,白江,增城,两梯四户,有,商品房,https://gz.lianjia.com/ershoufang/108402377909.html
过5年不唯一，东南向电梯3房，格局方正，方便看房,过5年不唯一，东南向电梯3房，格局方正，方便看房,550,46718,3室2厅,中楼层,28,其他,南,2000,117.73,海印南苑,东晓路,海珠,三梯八户,有,商品房,https://gz.lianjia.com/ershoufang/108403036706.html
新凤凰后街1-5号大院3-2-1-1,此房满二 有增值税 看好房可另行协商,268,37223,3室2厅,低楼层,9,精装,南,1992,72,新凤凰后街1-5号大院,滨江东,海珠,一梯六户,无,商品房,https://gz.lianjia.com/ershoufang/108403237944.html
天河公园 高层南向望江 交通方便 生活便利,满五 ，无抵押，高层视野好，采光通透，交通便利，近天河公园,1200,74309,5室2厅,高楼层,25,精装,南,2004,161.49,东Z花园,员村,天河,两梯六户,有,商品房,https://gz.lianjia.com/ershoufang/108403190186.html
瀚林水岸3房2卫加书房  产权过五  无抵押无按揭,此房满五，通透格局，视野宽阔，采光充足，装修保养好。,778,60465,3室2厅,低楼层,28,精装,西南,2006,128.67,瀚林水岸,滨江东,海珠,两梯六户,有,商品房,https://gz.lianjia.com/ershoufang/108402879076.html
白云新城板块，东南向望白云山景，视野采光好充足。,白云新城板块，电梯高层，采光充足，配套齐全，交通便利,813,46995,4室2厅,高楼层,9,简装,东南,2006,173,颐和上院二期,白云大道南,白云,一梯六户,有,商品房,https://gz.lianjia.com/ershoufang/108403018140.html
南岗地铁站复式实用四房，配套齐全，静谧舒适，楼距宽,享两大商圈北向复式四房，采光通透，户型方正，静谧舒适。,400,39013,4室2厅,中楼层,37,精装,北,2019,102.53,佳兆业城市广场,沙村,黄埔,两梯七户,有,商品房,https://gz.lianjia.com/ershoufang/108403148044.html
流花君庭 南向望流花湖全景 传世之宅 采光好视野宽,一线湖景.环境优美，产权清晰，视野宽阔，满五唯一.东南单边,2480,61323,6室3厅,高楼层,26,精装,东南 南,2010,404.42,流花君庭,流花站前,荔湾,一梯一户,有,商品房,https://gz.lianjia.com/ershoufang/108401975937.html
天河公园，隽园大三房，安静望花园 业主诚* 看房方便,房子是满五唯一的，高楼层，采光视野好，通风采光好。,1175,109999,3室2厅,中楼层,32,精装,西北,2007,106.82,隽园,天河公园,天河,四梯七户,有,商品房,https://gz.lianjia.com/ershoufang/108402295035.html
云景花园 改善户型 复式4房 采光通风 视野开阔,无按揭 产权清晰 改善复式4房  带大露台 采光通风 视野开阔,946,44869,4室2厅,高楼层,10,精装,东 东北,2002,210.84,云景花园云桦苑,京溪,白云,一梯十户,有,商品房,https://gz.lianjia.com/ershoufang/108403047266.html
顺华名庭 过五年唯一   望广州塔望中山大学景观,中大地铁口，电梯房，配套设施齐全，交通便利,405,36819,3室2厅,中楼层,20,简装,北,2001,110,顺华名庭,新港西,海珠,两梯八户,有,商品房,https://gz.lianjia.com/ershoufang/108403112916.html
海博苑  独栋别墅 依山傍水 大夫山公园 山清水秀,证过5年不是唯一物业，依山傍水 大夫山公园,839,35907,6室2厅,低楼层,3,毛坯,南,0,233.66,海博苑,市桥,番禺,一梯一户,暂无数据,商品房,https://gz.lianjia.com/ershoufang/108403151337.html
海德公馆优质四房三卫望广钢公园,1、优质楼层。 2、小区中间栋看广钢公园。 3、220米楼间,1150,67260,4室2厅,低楼层,26,精装,南,0,170.98,保利葛洲坝海德公馆,广钢新城,荔湾,两梯三户,有,商品房,https://gz.lianjia.com/ershoufang/108403324809.html
海联路单位小区 电梯在用 高层非顶楼 南北对流,此房满五年，格局方正南北对流，有地铁，近江边，随时看房,415,45933,3室1厅,高楼层,9,简装,南,0,90.35,丽景国旅,东晓路,海珠,一梯两户,有,房改房,https://gz.lianjia.com/ershoufang/108403207300.html
富景花园 南向三房  满五唯一 厅出阳台,此房房源满五年唯一物业 ，三房南向 厅出阳台 业主诚意卖。,425,48406,3室2厅,低楼层,32,简装,南,2003,87.8,富景花园,新港西,海珠,三梯十二户,有,商品房,https://gz.lianjia.com/ershoufang/108403211004.html
精装修，轻轨口，金地自己的物业，中高层，安静。,精装修，轻轨口，金地自己的物业，中高层，安静。,54,11643,1室1厅,高楼层,33,精装,西南,0,46.38,金地荔湖城水立坊,永和,增城,两梯六户,有,商品房,https://gz.lianjia.com/ershoufang/108403325886.html
空气清新，安静舒适，环境优美，有车位,空气清新，安静舒适，环境优美，有车位,73,9930,2室1厅,中楼层,17,精装,北,2017,73.52,碧桂园映象,福和镇,增城,两梯六户,有,商品房,https://gz.lianjia.com/ershoufang/108403326374.html
邦华星际二期，高楼层，视野好，户型方正，复式两层,邦华星际二期 高楼层 户型好，交通便利 环境好 精装修 保养好,121,19376,3室2厅,高楼层,20,精装,东,0,62.45,邦华星际广场二期,龙溪,荔湾,三梯十二户,有,商品房,https://gz.lianjia.com/ershoufang/108403338542.html
南向房子  采光好  户型正   环境优美  刚需可选,南北对流户型  采光足  户型方正   适合一家人居住  环境优美,105,12146,3室1厅,低楼层,26,精装,南 北,2018,86.45,恒大山水郡,中新镇,增城,两梯四户,有,商品房,https://gz.lianjia.com/ershoufang/108403338808.html
看房方便，过五年唯一，税少，毛坯，户型方正,此房满五唯一，业主诚心放卖，户型方正，采光通风好,98,12549,2室1厅,低楼层,19,毛坯,东,2008,78.1,嘉骏豪苑,新塘南,增城,三梯十一户,有,商品房,https://gz.lianjia.com/ershoufang/108403360128.html
刚需3房，采光充足，配套成熟，地铁口,刚需3房，采光充足，配套成熟. 格局好,67,8006,3室2厅,高楼层,7,简装,南,0,83.69,培英楼,旧区,花都,一梯四户,无,商品房,https://gz.lianjia.com/ershoufang/108403349854.html
邦华星际二期，高楼层，视野好，户型方正，复式两层,邦华星际二期 高楼层 户型好，交通便利 环境好 精装修 保养好,121,19376,3室2厅,高楼层,20,精装,东,0,62.45,邦华星际广场二期,龙溪,荔湾,三梯十二户,有,商品房,https://gz.lianjia.com/ershoufang/108403338542.html
南向房子  采光好  户型正   环境优美  刚需可选,南北对流户型  采光足  户型方正   适合一家人居住  环境优美,105,12146,3室1厅,低楼层,26,精装,南 北,2018,86.45,恒大山水郡,中新镇,增城,两梯四户,有,商品房,https://gz.lianjia.com/ershoufang/108403338808.html
富基广场 难得放盘 正规大一房一厅 全明屋 采光通风好,富基广场 难得放盘 正规大一房一厅 全明屋 采光通风好,310,51113,1室1厅,高楼层,31,简装,西南,2007,60.65,富基广场,滨江中,海珠,三梯十三户,有,动迁安置房,https://gz.lianjia.com/ershoufang/108403372265.html
满五，厅出阳台南向，安静不吵，地铁口,满五，厅出阳台南向，安静不吵，地铁口,117,25435,2室1厅,低楼层,6,毛坯,南,0,46,晓港西马路,昌岗,海珠,一梯一户,无,房改房,https://gz.lianjia.com/ershoufang/108403373697.html
时代倾城(增城区) 3室2厅 南,链家网真房源，更多房源信息请联系经纪人,160,13540,3室2厅,中楼层,18,其他,南,2011,118.17,时代倾城(增城区),荔城增江,增城,两梯四户,有,商品房,https://gz.lianjia.com/ershoufang/108403378391.html
市二宫地铁100米，厅出阳台东南向，带私家大花园,房改房非唯一，东南北三面单边，一梯两户。,188,42641,3室1厅,高楼层,7,精装,东南,0,44.09,前进路(海珠),前进路,海珠,一梯一户,暂无数据,房改房,https://gz.lianjia.com/ershoufang/108403378845.html
雅图居 1室1厅 东,链家网真房源，更多房源信息请联系经纪人,108,24297,1室1厅,中楼层,9,简装,东,1999,44.45,雅图居,机场路,白云,一梯五户,无,商品房,https://gz.lianjia.com/ershoufang/108403381995.html
西场地铁口 广雅 平层电梯中楼层 东南北单边户大阳台,此房一手业主产权清晰 框架结构 单边户 看房方便,222,33309,3室1厅,中楼层,9,简装,东北,1990,66.65,和平南小区,西场,荔湾,一梯两户,有,房改房,https://gz.lianjia.com/ershoufang/108403375616.html
厅出阳台，南向单边位，经典双阳台，安静望花园。,厅出阳台，南向单边位，经典双阳台，安静望花园。,508,57079,3室2厅,中楼层,11,简装,南,2000,89,保利花园(海珠),工业大道中,海珠,一梯四户,有,商品房,https://gz.lianjia.com/ershoufang/108403380302.html
荔尚国际 2室1厅 北,链家网真房源，更多房源信息请联系经纪人,360,48498,2室1厅,中楼层,17,简装,北,2008,74.23,荔尚国际,西关,荔湾,两梯八户,有,商品房,https://gz.lianjia.com/ershoufang/108403396447.html
江南花苑 2室1厅 南,链家网真房源，更多房源信息请联系经纪人,63,12702,2室1厅,中楼层,7,简装,南,1998,49.6,江南花苑,市桥,番禺,一梯三户,无,商品房,https://gz.lianjia.com/ershoufang/108403386293.html
电梯南向两房 满五 采光好 户型方正 适合刚需,电梯南向两房 满五 采光好 户型方正 适合刚需,150,31348,2室1厅,低楼层,9,精装,西南,1997,47.85,金德苑,同德围,白云,一梯十六户,有,商品房,https://gz.lianjia.com/ershoufang/108403382411.html
杨巷路 3室1厅 北,链家网真房源，更多房源信息请联系经纪人,144,27038,3室1厅,中楼层,7,其他,北,1999,53.26,杨巷路,人民路,荔湾,一梯两户,无,商品房,https://gz.lianjia.com/ershoufang/108403382285.html
省东风西 香港业主套现 南向户型 框架结构,省东风西 户型方正 采光光猛 框架结构 生活便利,210,39172,2室1厅,高楼层,8,简装,南,0,53.61,盘福路,盘福,越秀,一梯四户,无,商品房,https://gz.lianjia.com/ershoufang/108403388478.html
大院管理，视野开阔，南北对流户型好,此房满五不唯一，大院管理，光线充足,120,21429,2室1厅,中楼层,8,简装,南 北,0,56,松柏新村,景泰,白云,一梯一户,暂无数据,房改房,https://gz.lianjia.com/ershoufang/108403384602.html
昌岗中路 低层 精装修三房  采光好,昌岗中路 低层 精装修三房  采光好 户型方正,192,37102,3室1厅,中楼层,5,精装,东,0,51.75,昌岗中路,昌岗,海珠,一梯四户,无,商品房,https://gz.lianjia.com/ershoufang/108403392158.html
电梯一房，户型格局方正，通风对流。,楼层好，视野开阔，采光充足，已经加装了电梯。,90,30131,1室1厅,中楼层,9,简装,南,1999,29.87,芳华苑,芳村,荔湾,一梯九户,有,商品房,https://gz.lianjia.com/ershoufang/108403390274.html
时代南湾 大面积 免交增值税 看房随时 南北对流,该物业证过五年 看房随时 南北对流 大面积 免交增值税,350,24052,3室2厅,高楼层,24,简装,南,2012,145.52,时代南湾,南沙港,南沙,两梯四户,有,商品房,https://gz.lianjia.com/ershoufang/108403379701.html
南向户型满五唯一 全新没入住 业主定期打理 保养很好,满五唯一 全新没入住过 业主定期有打理 保养很好,256,27474,3室2厅,中楼层,27,精装,南 西南,2016,93.18,碧桂园天玺湾,进港大道,南沙,两梯四户,有,商品房,https://gz.lianjia.com/ershoufang/108403388334.html
东华东路 2室1厅 南 西,链家网真房源，更多房源信息请联系经纪人,220,45615,2室1厅,中楼层,9,其他,南 西,0,48.23,东华东路,东山口,越秀,一梯九户,无,商品房,https://gz.lianjia.com/ershoufang/108403379857.html
电梯房 低楼层 采光通风好 格局方正 适合刚需,电梯房 低楼层 采光通风好 格局方正 适合刚需,120,28791,2室1厅,低楼层,9,精装,东南,2003,41.68,嘉德苑,同德围,白云,一梯七户,有,商品房,https://gz.lianjia.com/ershoufang/108403382352.html
电梯直上三楼，采光好，带12平方的平台,电梯直上三楼，采光好，带12平方的平台，户型方正，地铁500米..,208,29321,3室1厅,低楼层,9,简装,北,1998,70.94,雅怡花园,同德围,白云,一梯五户,无,商品房,https://gz.lianjia.com/ershoufang/108403390400.html
芳和花园 望花园 两房一厅 采光好 小区环境好 楼龄新,此房满5不唯一 大型小区 安静舒适 坑口品质 户型方正,243,37763,2室2厅,低楼层,32,简装,北,0,64.35,芳和花园,坑口,荔湾,三梯九户,有,商品房,https://gz.lianjia.com/ershoufang/108403378828.html
大德路 满族 低层2房 精装修,楼层低，适合大多数人群需要，预算不高适初次置业,136,40780,2室1厅,中楼层,9,其他,东北,1993,33.35,大德路,解放南,越秀,一梯七户,有,商品房,https://gz.lianjia.com/ershoufang/108403392242.html
远洋天骄 电梯高层 精装修 跃式户型 可办公和住家,远洋天骄 电梯高层 精装修 跃式户型 可办公和住家,110,19957,1室1厅,中楼层,15,精装,西,0,55.12,远洋天骄广场,天河客运站,天河,五梯二十九户,有,商品房,https://gz.lianjia.com/ershoufang/108403405606.html
雅居乐锦城花冠集 3室2厅 东南 南,链家网真房源，更多房源信息请联系经纪人,157,16607,3室2厅,高楼层,32,精装,东南 南,2008,94.54,雅居乐锦城花冠集,秀全街,花都,两梯六户,有,商品房,https://gz.lianjia.com/ershoufang/108403381689.html
西增路 2室2厅 南 北,链家网真房源，更多房源信息请联系经纪人,199,29693,2室2厅,中楼层,9,精装,南 北,0,67.02,西增路,西村,荔湾,一梯四户,无,商品房,https://gz.lianjia.com/ershoufang/108403394249.html
园林小区双地铁南向环境舒适旺中带静,满五不唯一，低税好房，南北对流，三房带主套，全新精装,245,41802,3室1厅,低楼层,9,简装,南 北,1990,58.61,晓园新村晓园新,昌岗,海珠,一梯四户,有,商品房,https://gz.lianjia.com/ershoufang/108403394027.html
荔湾区，流花湖畔，电梯高层，视野开阔，户型实用！,此房满二年，加装电梯，户型方正实用，小三房，视野开阔，通风好,166,39468,3室1厅,高楼层,8,精装,南,0,42.06,站前路(荔湾),流花站前,荔湾,一梯四户,有,商品房,https://gz.lianjia.com/ershoufang/108403392194.html
这一套房满五税少.全新没入住过.业主是朋友.可看房,此房已经证过5年，税费少.ye房屋采光比较好，通透、小区环境..,230,22420,3室2厅,低楼层,27,精装,北,2016,102.59,碧桂园天玺湾,进港大道,南沙,两梯四户,有,商品房,https://gz.lianjia.com/ershoufang/108403390207.html
南沙湾地铁口高楼层东南向 看山景 全新未住三房两卫,南沙湾地铁口高楼层东南向 看山景 全新未住三房两卫,240,24812,3室2厅,中楼层,32,精装,南,0,96.73,碧桂园海湾1号,南沙港,南沙,两梯六户,有,商品房,https://gz.lianjia.com/ershoufang/108403384567.html
豪利花园 3室1厅 南,链家网真房源，更多房源信息请联系经纪人,189,19318,3室1厅,中楼层,15,简装,南,2011,97.84,豪利花园,镜湖大道,花都,两梯四户,有,商品房,https://gz.lianjia.com/ershoufang/108403392968.html
一楼大花园 看花好心情  格局方正实用 出入方便,南北对流  保养好 近地铁大花园 交通便利,185,30680,2室2厅,低楼层,5,简装,北,2001,60.3,祈福新村青怡居,祈福新村,番禺,一梯四户,无,商品房,https://gz.lianjia.com/ershoufang/108403393246.html
广奥电梯复式一房，南向采光好，产权清晰。,广奥电梯复式一房，南向采光好，产权清晰，业主诚意卖。,140,32037,1室1厅,中楼层,21,精装,南,2002,43.7,广州奥林匹克花园,洛溪,番禺,三梯二十六户,有,商品房,https://gz.lianjia.com/ershoufang/108403408139.html
西增路 2室2厅 南 北,链家网真房源，更多房源信息请联系经纪人,199,29693,2室2厅,中楼层,9,精装,南 北,0,67.02,西增路,西村,荔湾,一梯四户,无,商品房,https://gz.lianjia.com/ershoufang/108403394249.html
大德路 满族 低层2房 精装修,楼层低，适合大多数人群需要，预算不高适初次置业,136,40780,2室1厅,中楼层,9,其他,东北,1993,33.35,大德路,解放南,越秀,一梯七户,有,商品房,https://gz.lianjia.com/ershoufang/108403392242.html
远洋天骄 电梯高层 精装修 跃式户型 可办公和住家,远洋天骄 电梯高层 精装修 跃式户型 可办公和住家,110,19957,1室1厅,中楼层,15,精装,西,0,55.12,远洋天骄广场,天河客运站,天河,五梯二十九户,有,商品房,https://gz.lianjia.com/ershoufang/108403405606.html
雅居乐锦城花冠集 3室2厅 东南 南,链家网真房源，更多房源信息请联系经纪人,157,16607,3室2厅,高楼层,32,精装,东南 南,2008,94.54,雅居乐锦城花冠集,秀全街,花都,两梯六户,有,商品房,https://gz.lianjia.com/ershoufang/108403381689.html
芬芳小区 中低楼层 精装两房单位 厅出阳台 实用率高,此房已满五年，户型方正实用，厅出阳台，楼层适中，社区配套完善,168,27318,2室2厅,中楼层,9,精装,西,1996,61.5,芬芳小区,汾水,荔湾,一梯八户,无,商品房,https://gz.lianjia.com/ershoufang/108403395260.html
此房满五非唯一 平层电梯已经使用中 拎包入住,此房满五非唯一 平层电梯已经使用中 拎包入住,258,36513,3室1厅,中楼层,9,精装,南 西南 北,1987,70.66,素社新村,前进路,海珠,一梯五户,有,房改房,https://gz.lianjia.com/ershoufang/108403386828.html
雅居乐锦城五期 南向三房 中间楼层,锦城五期刚需三房户型，南向安静不吵，视野开阔无遮挡,165,17278,3室2厅,中楼层,32,精装,东北,2008,95.5,雅居乐锦城花冠集,秀全街,花都,两梯六户,有,商品房,https://gz.lianjia.com/ershoufang/108403386937.html
急卖！精装 刚需南向两房 各付各税  看房方便,刚需 南向两房  精装修 采光通风好 各付各税 看房方便,160,35755,2室1厅,中楼层,9,精装,南,1997,44.75,敦和路225-243号宿舍（单号）,赤岗,海珠,一梯四户,无,商品房,https://gz.lianjia.com/ershoufang/108403407505.html
此房东向，楼层高采光好，配套完善，近地铁交通便利,此房东向，楼层采光好，配套完善，近地铁交通便利,65,19444,1室1厅,高楼层,31,精装,东,2016,33.43,保利大都汇,汉溪长隆,番禺,三梯十六户,有,商品房,https://gz.lianjia.com/ershoufang/108403404698.html
侨源山庄， 东南朝阳三房，户型方，正环境舒适。,高层电梯，东南朝阳，采光通风好；户型方正，交通便利，,509,44740,3室2厅,高楼层,20,精装,东南,1998,113.77,侨源山庄,粤垦,天河,两梯八户,有,商品房,https://gz.lianjia.com/ershoufang/108403390836.html
琶洲电商总部西区 地铁口实用两房 满五年省重税,电商总部西区 满五年  地铁口实用两房   小区安静 采光通风好,173,30293,2室1厅,高楼层,9,简装,西北,1997,57.11,广发新村,赤岗,海珠,一梯十二户,无,商品房,https://gz.lianjia.com/ershoufang/108403375622.html
碧桂园，空气清新 刚需养老必选，格局方正,家有老人，出入方便，门前大花园，饭后散步居住舒适配套齐,70,8642,2室2厅,中楼层,16,毛坯,北,0,81,君源御湖城,江浦街,从化,一梯三户,暂无数据,商品房,https://gz.lianjia.com/ershoufang/108403379748.html
番艺花园 精装小两房 中间楼层 通风采光好,近地铁 小区管理 证过五年 税费少,89.5,19671,2室1厅,中楼层,7,简装,南,0,45.5,番艺花园,市桥北,番禺,一梯八户,无,商品房,https://gz.lianjia.com/ershoufang/108403387953.html
尚品雅居悦庭 3室2厅 北,链家网真房源，更多房源信息请联系经纪人,135,13038,3室2厅,高楼层,18,毛坯,北,2018,103.55,尚品雅居悦庭,秀全街,花都,两梯六户,有,商品房,https://gz.lianjia.com/ershoufang/108403393549.html
靓仔三房 东南向望花园 业主诚心出！！！,小区环境好，采光充足 配套设施齐全 交通便利创文旅城 自带配套,210,21710,3室1厅,低楼层,33,毛坯,南,2018,96.73,广州融创文旅城A2区,花城街,花都,两梯四户,有,商品房,https://gz.lianjia.com/ershoufang/108403386690.html
翡翠绿洲湖绣苑 南向 中高楼层 过五唯一 低税费,翡翠绿洲湖绣苑，南向 中高楼层 过五唯一 低税费,186,19471,2室1厅,中楼层,25,精装,南,2014,95.53,翡翠绿洲湖绣苑,凤凰城,增城,两梯四户,有,商品房,https://gz.lianjia.com/ershoufang/108403355787.html
白江地铁口 汇东国际 标准南向三房 业主诚信放卖,此房满五年，南向望花园，采光通风好，业主自己住保养好。,235,21141,3室2厅,低楼层,28,精装,南,2015,111.16,汇东国际花园,白江,增城,两梯四户,有,商品房,https://gz.lianjia.com/ershoufang/108403370517.html
万虹花园，3+1户型，电梯中层南向远马路，满五唯一，,南北对流户型，格局方正，高层无遮挡，3+1户型，看房方便,150,11620,3室2厅,中楼层,20,精装,南,2009,129.09,万虹花园,狮岭镇,花都,两梯四户,有,商品房,https://gz.lianjia.com/ershoufang/108403344849.html
新世界花园万象苑 精装两房 户型方正,精装两房 户型方正 过五唯一税费低,180,23113,2室1厅,中楼层,16,精装,北,2009,77.88,新塘新世界花园万象苑,沙村,增城,两梯四户,有,商品房,https://gz.lianjia.com/ershoufang/108403370184.html
誉山国际，南北对流，户型方正，中流层，采光好,南北对流户型，阳光充足，看花园，视野开阔，人车分流,169.8,16552,3室2厅,中楼层,18,精装,南 北,2017,102.59,合景誉山国际,永和,增城,两梯五户,有,商品房,https://gz.lianjia.com/ershoufang/108403369346.html
此房满五年唯一，中楼层视野开阔，精装修,此房满五年不唯一，中楼层视野开阔，精装修,165,22603,2室2厅,中楼层,18,精装,东,0,73,惠百氏广场,白江,增城,两梯七户,有,商品房,https://gz.lianjia.com/ershoufang/108403348419.html
一线流溪河景  联排山顶小别墅  房子地理位置好,富力泉天下小区，联排中 间位别墅，前花园可停车,190,8512,4室2厅,低楼层,3,毛坯,南 西南,0,223.23,富力泉天下,温泉镇,从化,一梯六户,无,商品房,https://gz.lianjia.com/ershoufang/108403371672.html
锦绣天伦精装两房，业主置换，看房方便！,此房过五年，税费可省5.3%的增值税，业主也是换房诚心!,139,18406,2室1厅,高楼层,32,精装,北,0,75.52,敏捷锦绣天伦,新塘北,增城,两梯八户,有,商品房,https://gz.lianjia.com/ershoufang/108403370231.html
誉山国际，南北对流，户型方正，中流层，采光好,南北对流户型，阳光充足，看花园，视野开阔，人车分流,169.8,16552,3室2厅,中楼层,18,精装,南 北,2017,102.59,合景誉山国际,永和,增城,两梯五户,有,商品房,https://gz.lianjia.com/ershoufang/108403369346.html
沙村地铁口 新世界花园 标准两房 满五年唯一,此房满五年唯一，中楼层，采光通风好，业主诚心放卖。,119,16311,2室1厅,中楼层,7,精装,北,1998,72.96,新塘新世界花园,沙村,增城,一梯四户,无,商品房,https://gz.lianjia.com/ershoufang/108403345507.html
海伦堡大半岛 方正三房 证满五年唯一 装修保养好,此房证满五年唯一物业税费少  装修保养好 产权清晰 拎包即住,200,19326,3室2厅,中楼层,11,精装,北,2008,103.49,广州海伦堡,沙村,增城,一梯四户,有,商品房,https://gz.lianjia.com/ershoufang/108403366715.html
此房满五年唯一，中楼层视野开阔，精装修,此房满五年不唯一，中楼层视野开阔，精装修,165,22603,2室2厅,中楼层,18,精装,东,0,73,惠百氏广场,白江,增城,两梯七户,有,商品房,https://gz.lianjia.com/ershoufang/108403348419.html
房子过五唯一，通风采光好，户型实用，房屋利用率高。,此房已满五年，低税费，好格局，交通便捷。楼层好，望花园,129,13137,3室1厅,中楼层,19,精装,北,2008,98.2,嘉骏豪苑,新塘南,增城,三梯五户,有,商品房,https://gz.lianjia.com/ershoufang/108403354134.html
合景誉山国际，户型方正靓三房，楼层视野开阔,合景誉山国际，户型方正三房，保养好，楼层视野开阔,88,9457,3室2厅,中楼层,9,精装,北,0,93.06,合景誉山国际,永和,增城,一梯六户,有,商品房,https://gz.lianjia.com/ershoufang/108403366982.html
水电二局电梯三房，白江地铁站，过5年,房子产权过5年，税费少，地段佳，靠白江地铁站,124.5,17883,3室1厅,中楼层,8,简装,东南,0,69.62,水电二局宿舍,白江,增城,一梯四户,有,商品房,https://gz.lianjia.com/ershoufang/108403351314.html
房子满五，装修保养好，小区配套成熟，近地铁出行方便,房子满五，装修保养好，小区配套成熟，近地铁出行方便,188,21682,2室2厅,中楼层,32,精装,南,2011,86.71,尚东阳光雅苑,沙村,增城,两梯四户,有,商品房,https://gz.lianjia.com/ershoufang/108403335338.html
单边高层南向三房两卫，楼层无遮挡，通风采光好,满五唯一，高层南向三房两卫，单边位，无遮挡，采光好,189,19357,3室2厅,中楼层,18,精装,南,2002,97.64,碧桂园凤凰城凤馨苑,凤凰城,增城,两梯四户,有,商品房,https://gz.lianjia.com/ershoufang/108403362977.html
锦绣天伦花园 精装三房 附家电 即买即住 看房方便,房子过五唯一 税费少 东南朝向 单边位置 业主诚心放卖,202,20602,3室2厅,低楼层,18,精装,南,2017,98.05,敏捷锦绣天伦,新塘北,增城,两梯六户,有,商品房,https://gz.lianjia.com/ershoufang/108403372204.html
实用小三房，中高楼层，视野好，出行方便。,实用小三房，中高楼层，视野好，出行方便。,185,17746,3室2厅,高楼层,25,精装,东,2011,104.25,翡翠绿洲森林半岛,凤凰城,增城,三梯六户,有,商品房,https://gz.lianjia.com/ershoufang/108403368474.html
凤凰新村 2室1厅 南,链家网真房源，更多房源信息请联系经纪人,148,29395,2室1厅,高楼层,7,精装,南,2000,50.35,凤凰新村,工业大道北,海珠,一梯三户,无,商品房,https://gz.lianjia.com/ershoufang/108403372166.html
金华花园 4室2厅 南,链家网真房源，更多房源信息请联系经纪人,120,11892,4室2厅,高楼层,9,精装,南,0,100.91,金华花园,旧区,花都,一梯十六户,有,商品房,https://gz.lianjia.com/ershoufang/108403376843.html
碧桂园大三房  户型通透  舒适对流  采光楼层没得挑,此房满五唯一  采光保养特好  户型通透  入住舒适  中间楼层,299,29314,3室2厅,中楼层,7,精装,东南,1998,102,广州碧桂园雅苑,南浦,番禺,一梯四户,无,商品房,https://gz.lianjia.com/ershoufang/108403376488.html
华景准电梯3房，奢华实木装修，南向望花园,准电梯、奢华3房，南向阳台望花园、自住保养新，诚意出卖,238,25647,3室1厅,中楼层,8,精装,北,1999,92.8,番禺华景新城,桥南,番禺,一梯四户,无,商品房,https://gz.lianjia.com/ershoufang/108403371742.html
此房够五年唯一，高层南向望江景，视野开阔，保养好,此房自住够五年唯一，高层南向望江景，视野开阔，保养好，约看,388,28910,3室2厅,高楼层,23,精装,南,0,134.21,越秀滨海B城,明珠湾,南沙,两梯四户,有,商品房,https://gz.lianjia.com/ershoufang/108403399487.html
一品湖山三房两厅业主诚心卖，南向望花园,此房满五唯一省税费，中间楼层，南向采光好。,370,40126,3室2厅,中楼层,10,精装,南,2011,92.21,一品湖山,南湖,白云,两梯四户,有,商品房,https://gz.lianjia.com/ershoufang/108403374748.html
水荫直街 南向厅出阳台 不占用 看房方便,此房满五，南向采光充足，户型方正，厅出阳台，交通便利,373,47091,3室1厅,低楼层,9,简装,南,1992,79.21,水荫直街,水荫,越秀,一梯四户,无,商品房,https://gz.lianjia.com/ershoufang/108403379784.html
石牌上盖 原装电梯高层  满五三房  楼龄新 业主诚心卖,此房满五年 原装电梯，三房 花园小区 户型方正  楼新 采光好,745,81138,3室1厅,中楼层,32,精装,南 北,2010,91.82,丰兴广场,天河南,天河,两梯六户,有,商品房,https://gz.lianjia.com/ershoufang/108403379915.html
航都花园 锦砖电梯 空中游泳池 地铁 公园配套,航都花园 锦砖电梯 空中游泳池 机场班车通勤站点 公园配套,180.8,14820,3室2厅,中楼层,12,精装,东 北,2003,122,航都花园,新区,花都,一梯十二户,有,商品房,https://gz.lianjia.com/ershoufang/108403383214.html
小区环境优美 宜居生态 南向户型,"：
小区绿化好，交通便利，生活配套成熟",103,8220,3室1厅,高楼层,17,毛坯,东南,2012,125.31,人盛巴厘天地,神岗镇,从化,两梯三户,有,商品房,https://gz.lianjia.com/ershoufang/108403376721.html
满五 吉祥北园大三房 带大平台 看房方便,此房满五年不唯一，无按揭，交易简单，采光通风好，出行方便。,235,28835,3室1厅,低楼层,8,简装,南,0,81.5,吉祥北园,洛溪,番禺,一梯两户,无,商品房,https://gz.lianjia.com/ershoufang/108403400502.html
南向四房， 精装修 随时可过户,房子是小区四房单位，装修保养好，采光好，户型方正,288,23068,4室2厅,低楼层,18,精装,南 北,2014,124.85,敏建锦绣世家,沙湾,番禺,两梯四户,有,商品房,https://gz.lianjia.com/ershoufang/108403387811.html
合生湖山国际 3室2厅 南,链家网真房源，更多房源信息请联系经纪人,170,18257,3室2厅,高楼层,25,精装,南,0,93.12,合生湖山国际,凤凰城,增城,两梯四户,有,商品房,https://gz.lianjia.com/ershoufang/108403374641.html
蚩诖蠼址秸大两房带一个大阳台,此房满五年唯一，户型方正大两房，南向通风采光好，带大阳台。,100,23289,2室1厅,低楼层,6,简装,南,0,42.94,芳村大道西蚩诖蠼,蚩,荔湾,一梯八户,无,商品房,https://gz.lianjia.com/ershoufang/108403398779.html
富力半岛花园东南向三房，望江房，产权清晰。,房子是一手业主，名下唯一，东南向三房，户型方正，采光通风好。,353,39847,3室1厅,中楼层,12,其他,东南,2000,88.59,富力半岛花园,罗冲围,白云,一梯六户,有,商品房,https://gz.lianjia.com/ershoufang/108403381648.html
金山谷尚层满五唯一，四房带主套，随时方便看房,此房满五年唯一，南北对流，精装修，产权清晰,550,38845,4室2厅,中楼层,32,精装,南 北,2015,141.59,金山谷尚层,金山谷,番禺,两梯四户,有,商品房,https://gz.lianjia.com/ershoufang/108403388966.html
金色梦想南向安静得房率高精装实用三房诚意卖,此楼栋在小区中间位置，中低层，南向，采光好，安静，保养很好,310,36047,3室1厅,低楼层,29,精装,南,2015,86,万科金色梦想,香雪,黄埔,两梯六户,有,商品房,https://gz.lianjia.com/ershoufang/108403378512.html
金色梦想南向安静得房率高精装实用三房诚意卖,此楼栋在小区中间位置，中低层，南向，采光好，安静，保养很好,310,36047,3室1厅,低楼层,29,精装,南,2015,86,万科金色梦想,香雪,黄埔,两梯六户,有,商品房,https://gz.lianjia.com/ershoufang/108403378512.html
富力半岛花园东南向三房，望江房，产权清晰。,房子是一手业主，名下唯一，东南向三房，户型方正，采光通风好。,353,39847,3室1厅,中楼层,12,其他,东南,2000,88.59,富力半岛花园,罗冲围,白云,一梯六户,有,商品房,https://gz.lianjia.com/ershoufang/108403381648.html
此房南向房子，采光通透，户型方正，保养好，近地铁,此房南向房子，采光通透，户型方正，保养好，近地铁，小区气氛好,218,22519,3室1厅,高楼层,17,精装,南,2010,96.81,汇东国际花园,白江,增城,两梯四户,有,商品房,https://gz.lianjia.com/ershoufang/108403371827.html
富力桃园 西南向小三房  满五唯一  装修保养很不错,此房满五唯一，西南向，光线很好，保养的不错,305,35698,3室1厅,低楼层,32,精装,西南,2004,85.44,富力桃园,罗冲围,白云,三梯八户,有,商品房,https://gz.lianjia.com/ershoufang/108403387890.html
星尚高层南北双阳台满五唯一带使用权车位业主诚心放卖,星尚花园高楼层南向精装修，满五唯一带使用权车位业主诚心放卖,320,31914,3室2厅,高楼层,26,精装,南,0,100.27,星尚花园,市桥东,番禺,两梯五户,有,商品房,https://gz.lianjia.com/ershoufang/108403373456.html
福今路电梯 精装大三房  户型方正实用 南北对流 安静,东西南向 户型方正实用 通风好 精装修 育才..大院..,508,62717,3室2厅,低楼层,9,精装,南,0,81,福今路,东山口,越秀,一梯两户,无,商品房,https://gz.lianjia.com/ershoufang/108403376069.html
湖景居一楼，前后院子，新装修全屋定制 满五年,一楼，40+新装修，拎包入住，近人工湖,240,36254,2室2厅,低楼层,4,精装,北,1998,66.2,祈福新村湖景居,祈福新村,番禺,一梯一户,无,商品房,https://gz.lianjia.com/ershoufang/108403396934.html
马赛克外墙中层，大两房，简单装修,业主置换套指标，中楼层步梯带装修，地铁物业,105,17500,2室2厅,中楼层,8,简装,南 北,0,60,广州铁道车辆厂生活区,旧区,花都,一梯三户,无,商品房,https://gz.lianjia.com/ershoufang/108403398119.html
修仕倍励旁东南向对流户型4房 精装修含全屋家私电器,修仕倍励旁东南向对流户型4房 精装修含全屋家私电器,251.5,19961,4室2厅,中楼层,32,精装,南,0,126,中盈一海里,明珠湾,南沙,两梯五户,有,商品房,https://gz.lianjia.com/ershoufang/108403396602.html
陈岗路 电梯两房 大院管理 安静舒适,电梯 小户型两房 大院管理 安静舒适 石米外墙 证满五年,150,29810,2室1厅,中楼层,8,简装,东南,0,50.32,陈岗路16号大院,流花站前,荔湾,一梯三户,有,商品房,https://gz.lianjia.com/ershoufang/108403397196.html
一梯两户，南北对流，少有户型，实用三房,本房满五不唯一，南北对流，少有户型，电梯实用三房,260,28701,3室1厅,低楼层,9,精装,南,2000,90.59,汇侨新城东区,新市,白云,一梯两户,无,商品房,https://gz.lianjia.com/ershoufang/108403384292.html
中间楼层望江视野好满五唯一户型方正,中间楼层望江视野好满五唯一户型方正,285,36251,2室1厅,低楼层,32,简装,东 东北,2004,78.62,富力桃园,罗冲围,白云,三梯八户,有,商品房,https://gz.lianjia.com/ershoufang/108403376837.html
广州北站  3房  永发小区  5字头  大型小区,此房够五年唯一  南北对流 配套齐全 交通便利,59.5,8625,3室1厅,高楼层,7,简装,南,0,68.99,永福楼(花都),旧区,花都,一梯两户,暂无数据,商品房,https://gz.lianjia.com/ershoufang/108403398570.html
学府南苑，东南向毛坯，视野好，安静,此房格局方正，视野好，安静，毛坯房的,158,12890,3室1厅,低楼层,18,毛坯,东南,2011,122.58,学府南苑,秀全街,花都,两梯四户,有,商品房,https://gz.lianjia.com/ershoufang/108403390224.html
恒大物业，经典三房，精装修新净,此房满二，户型格局好，物业管理完善，小区环境优美。,110,12526,3室2厅,低楼层,26,其他,南,2018,87.82,恒大山水郡,中新镇,增城,两梯四户,有,商品房,https://gz.lianjia.com/ershoufang/108403390926.html
宏宇广场 2室1厅 西北,链家网真房源，更多房源信息请联系经纪人,245,40909,2室1厅,中楼层,33,精装,西北,2000,59.89,宏宇广场,宝岗,海珠,三梯十二户,有,商品房,https://gz.lianjia.com/ershoufang/108403410506.html
电梯南向三房，装修保养好 过五唯一 中层视野好,棠德精装修电梯南向三房，中层看金融城，过五唯一 视野好,410,43978,3室1厅,中楼层,29,精装,东南 南,1997,93.23,棠德花苑,棠下,天河,两梯六户,有,商品房,https://gz.lianjia.com/ershoufang/108403381316.html
省级校园旁，加装电梯平层入户，三面单边。,楼下就是省级校园，小区内有丰巢柜，交通方便,500,68316,3室1厅,高楼层,9,简装,东南,1986,73.19,五羊小区,五羊新城,越秀,一梯十七户,有,商品房,https://gz.lianjia.com/ershoufang/108403385009.html
11号线2号线江泰路双地铁，满五唯一，天台花园可用,11号线2号线江泰路双地铁，满五唯一，封闭式花园小区,364,41744,3室1厅,高楼层,10,精装,东南,1999,87.2,晓燕湾,江燕路,海珠,一梯六户,有,商品房,https://gz.lianjia.com/ershoufang/108403380310.html
精装二期 南向少有放卖三房两厅两卫，望花园中间,房子是中间楼层，安静望花园的二期，很安静舒适，南向望花园.,768,65782,3室2厅,低楼层,12,精装,南,2004,116.75,金穗雅园,广州大道南,海珠,一梯六户,有,商品房,https://gz.lianjia.com/ershoufang/108403388041.html
准电梯房 机关村三房 精装修 近地铁,户型好 精装修三房 准电梯房 近地铁,285,41180,3室1厅,高楼层,9,精装,南,2000,69.21,机关村,黄埔区府,黄埔,一梯三户,无,商品房,https://gz.lianjia.com/ershoufang/108403389095.html
业主诚心放卖，南向采光好，近地铁，视野开阔.,业主诚心放卖，南向采光好，近地铁，视野开阔.,310,22177,3室2厅,低楼层,32,精装,南,2011,139.79,尚东阳光雅苑,沙村,增城,两梯三户,有,商品房,https://gz.lianjia.com/ershoufang/108403377126.html
岭南样板房，南向美景园林，厅出大阳台，户型精致实用,些房满五少重税，户型方正，双面朝南，采光好。,235,36915,2室1厅,低楼层,6,简装,南,2001,63.66,岭南花园,同德围,白云,一梯三户,无,商品房,https://gz.lianjia.com/ershoufang/108403380870.html
西城花园 3室2厅 南,链家网真房源，更多房源信息请联系经纪人,163,20199,3室2厅,中楼层,8,精装,南,1998,80.7,西城花园,市桥,番禺,一梯七户,无,商品房,https://gz.lianjia.com/ershoufang/108403389204.html
可以11月满五过户 小 学在楼下 南大干线潜力大,这套房子南北对流，实用性很强的两房，楼下大石中 心小 学,220,32014,2室1厅,低楼层,35,精装,西北,0,68.72,富丽居,大石,番禺,五梯八户,有,商品房,https://gz.lianjia.com/ershoufang/108403401184.html
佳大银湾  两套打通  楼龄新 近江边，近地铁,楼层好，视野宽阔，采光充足，小区管理好，交通便利,349,70067,1室1厅,高楼层,24,精装,东,2008,49.81,佳大银湾,东晓路,海珠,三梯六户,有,商品房,https://gz.lianjia.com/ershoufang/108403377566.html
证够5年  唯一物业   4房带主人套房,证够5年  唯一物业   4房带主人套房,410,33776,4室1厅,中楼层,9,精装,东南,2000,121.39,红棉苑北区,花地湾,荔湾,一梯四户,无,商品房,https://gz.lianjia.com/ershoufang/108403395583.html
梅园南路 3室1厅 南,链家网真房源，更多房源信息请联系经纪人,128,27893,3室1厅,中楼层,6,其他,南,0,45.89,梅园南路,工业大道北,海珠,一梯四户,无,商品房,https://gz.lianjia.com/ershoufang/108403386166.html
梅园南路 3室1厅 南,链家网真房源，更多房源信息请联系经纪人,128,27893,3室1厅,中楼层,6,其他,南,0,45.89,梅园南路,工业大道北,海珠,一梯四户,无,商品房,https://gz.lianjia.com/ershoufang/108403386166.html
西城花园 3室2厅 南,链家网真房源，更多房源信息请联系经纪人,163,20199,3室2厅,中楼层,8,精装,南,1998,80.7,西城花园,市桥,番禺,一梯七户,无,商品房,https://gz.lianjia.com/ershoufang/108403389204.html
西华路采光明亮大两房，满五唯一，省级无占用,此房满五唯一，东南单边位，厅大房大， 生活配套完善，交通便捷,256,36787,2室1厅,高楼层,9,简装,南,0,69.59,西华路,西华路,越秀,一梯三户,无,商品房,https://gz.lianjia.com/ershoufang/108403401639.html
宝岗大道地铁站 低层两房 环境安静 实用面积高,宝岗大道地铁站 大院管理环境安静舒适，框架结构，证满五年，,160,28491,2室2厅,中楼层,8,精装,东南,0,56.16,荔福路,沙园,海珠,一梯四户,无,商品房,https://gz.lianjia.com/ershoufang/108403414305.html
业主诚心放卖，南向采光好，近地铁，视野开阔.,业主诚心放卖，南向采光好，近地铁，视野开阔.,310,22177,3室2厅,低楼层,32,精装,南,2011,139.79,尚东阳光雅苑,沙村,增城,两梯三户,有,商品房,https://gz.lianjia.com/ershoufang/108403377126.html
准电梯房 机关村三房 精装修 近地铁,户型好 精装修三房 准电梯房 近地铁,285,41180,3室1厅,高楼层,9,精装,南,2000,69.21,机关村,黄埔区府,黄埔,一梯三户,无,商品房,https://gz.lianjia.com/ershoufang/108403389095.html
精装二期 南向少有放卖三房两厅两卫，望花园中间,房子是中间楼层，安静望花园的二期，很安静舒适，南向望花园.,768,65782,3室2厅,低楼层,12,精装,南,2004,116.75,金穗雅园,广州大道南,海珠,一梯六户,有,商品房,https://gz.lianjia.com/ershoufang/108403388041.html
11号线2号线江泰路双地铁，满五唯一，天台花园可用,11号线2号线江泰路双地铁，满五唯一，封闭式花园小区,364,41744,3室1厅,高楼层,10,精装,东南,1999,87.2,晓燕湾,江燕路,海珠,一梯六户,有,商品房,https://gz.lianjia.com/ershoufang/108403380310.html
广州北站  3房  永发小区  5字头  大型小区,此房够五年唯一  南北对流 配套齐全 交通便利,59.5,8625,3室1厅,高楼层,7,简装,南,0,68.99,永福楼(花都),旧区,花都,一梯两户,暂无数据,商品房,https://gz.lianjia.com/ershoufang/108403398570.html
学府南苑，东南向毛坯，视野好，安静,此房格局方正，视野好，安静，毛坯房的,158,12890,3室1厅,低楼层,18,毛坯,东南,2011,122.58,学府南苑,秀全街,花都,两梯四户,有,商品房,https://gz.lianjia.com/ershoufang/108403390224.html
一梯两户，南北对流，少有户型，实用三房,本房满五不唯一，南北对流，少有户型，电梯实用三房,260,28701,3室1厅,低楼层,9,精装,南,2000,90.59,汇侨新城东区,新市,白云,一梯两户,无,商品房,https://gz.lianjia.com/ershoufang/108403384292.html
中间楼层望江视野好满五唯一户型方正,中间楼层望江视野好满五唯一户型方正,285,36251,2室1厅,低楼层,32,简装,东 东北,2004,78.62,富力桃园,罗冲围,白云,三梯八户,有,商品房,https://gz.lianjia.com/ershoufang/108403376837.html
碧桂园豪庭东南向大三房，每平2.2，满五,自住居家三房一卫，采光充足，社区入住率高，配套齐全,220,22223,3室2厅,中楼层,18,精装,东南,0,99,南沙碧桂园豪庭,金洲,南沙,两梯六户,有,商品房,https://gz.lianjia.com/ershoufang/108403399577.html
同福西路 中层大三房 近同福西地铁站 看房方便,近同福西地铁，采光好，楼龄新，马赛克外墙，大三房，有阳台,268,33703,3室1厅,中楼层,9,简装,北,0,79.52,同福西路,同福,海珠,一梯五户,无,商品房,https://gz.lianjia.com/ershoufang/108403396568.html
急卖 广奥高层两房 满五年  望花园 无遮挡,此房满五年唯一，精装修，南向房，采光好，高楼层，无遮挡,240,32787,2室2厅,高楼层,6,精装,南,2002,73.2,广州奥林匹克花园,洛溪,番禺,一梯两户,无,商品房,https://gz.lianjia.com/ershoufang/108403380203.html
省委党校大院 楼龄新 南向双阳台 带主套 户型方正实用,此房西南向单边位，阳光充足，通风好，安静大院,998,81837,3室2厅,低楼层,21,精装,南 北,2000,121.95,省委党校大院,建设路,越秀,两梯四户,有,商品房,https://gz.lianjia.com/ershoufang/108403395017.html
金梦南北对流，改善3房2卫，pei he证过五年,金梦南北对流，改善3房2卫户型方正，pei he证过5年,350,36765,3室1厅,高楼层,29,精装,东南,2015,95.2,万科金色梦想,香雪,黄埔,两梯六户,有,商品房,https://gz.lianjia.com/ershoufang/108403381884.html
保利品质，近看地铁口，业主换房诚意出，不容错过,南向望采光通风，身心开朗；屋内空气流通，身体更健康,178,19101,3室2厅,中楼层,32,精装,南,0,93.19,保利悦廷,秀全街,花都,两梯六户,有,商品房,https://gz.lianjia.com/ershoufang/108403376279.html
康裕园东，电梯4楼，户型方正，采光通风好,康裕园东， 四房 ，户型方正， 采光通风佳，不靠路看花园,308,24980,4室2厅,中楼层,7,精装,南 北,1993,123.3,康裕园,市桥,番禺,一梯两户,有,商品房,https://gz.lianjia.com/ershoufang/108403391504.html
时代云图 高层标准双卫三房  近地铁配套成熟,时代云图马上满五，高楼层标准三房，东南向看园林看黄山鲁,260,28000,3室2厅,高楼层,31,精装,东南,2016,92.86,广州时代云图,金洲,南沙,两梯六户,有,商品房,https://gz.lianjia.com/ershoufang/108403399559.html
南京路花园小区 电梯南向 户型方正 楼龄新,此房源证过五年税费少，电梯南向，户型方正，楼龄新，一手业主,435,47043,3室2厅,低楼层,9,简装,东南 南,0,92.47,南京路14号大院,西村,荔湾,一梯六户,有,商品房,https://gz.lianjia.com/ershoufang/108403394162.html
越秀区白云山下 大院管理 外加大平台 南向 随时可看,此房已过五年，产权清晰，框架结构。随时可看,320,41586,4室1厅,中楼层,8,精装,南,0,76.95,濂泉路42号大院,沙河,天河,一梯两户,无,商品房,https://gz.lianjia.com/ershoufang/108403397893.html
万科东荟城大三房，采光通风视野好。,满五唯一，南向高楼层，采光通风，格局方正，位置很好。,410,42013,3室1厅,高楼层,33,精装,南,2016,97.59,万科东荟城,香雪,黄埔,两梯六户,有,商品房,https://gz.lianjia.com/ershoufang/108403379264.html
金道花园 2室2厅 西北,链家网真房源，更多房源信息请联系经纪人,215,27247,2室2厅,中楼层,22,简装,西北,2000,78.91,金道花园,鹤洞,荔湾,三梯八户,有,商品房,https://gz.lianjia.com/ershoufang/108403409806.html
过五 精致两房 户型靓 采光好,过五 精致两房 户型靓 采光好,139,33903,2室1厅,中楼层,9,精装,南,2000,41,金道花园,鹤洞,荔湾,一梯四户,无,商品房,https://gz.lianjia.com/ershoufang/108403398355.html
兴隆社区 低层两房 户型方正 安静小区 东风西,商品房唯一 省级东风西 视野好 采光充足 产权清晰,221,47620,2室1厅,中楼层,5,其他,东 北,0,46.41,百灵路,西门口,越秀,一梯一户,无,商品房,https://gz.lianjia.com/ershoufang/108403393330.html
海珠北路 2室1厅 东,链家网真房源，更多房源信息请联系经纪人,230,33514,2室1厅,高楼层,8,其他,东,1992,68.63,海珠北路,西门口,越秀,一梯四户,无,商品房,https://gz.lianjia.com/ershoufang/108403391640.html
春兰花园 南向两房 采光通风好 交通便利,此房产权满五年，户型方正，南向采光通风好，小区配套齐,269,39688,2室1厅,高楼层,9,简装,南,1995,67.78,广信春兰花园,京溪,白云,一梯五户,无,商品房,https://gz.lianjia.com/ershoufang/108403396328.html
体育西，满五唯一，南北通透，全明户型、交通便利。,体育西，满五唯一，南北通透，全明户型、交通便利,590,61517,3室2厅,低楼层,8,其他,东 南 北,1993,95.91,六运小区,天河南,天河,一梯两户,有,商品房,https://gz.lianjia.com/ershoufang/108403394224.html
景泰直街 中层视野 两房 景观好 采光通透 装修保养新,证满五年且唯一，阳台外景观好，楼间距宽，每间房都有两个窗,170,27984,2室1厅,中楼层,8,精装,西北,1992,60.75,景泰新村,景泰,白云,一梯四户,无,商品房,https://gz.lianjia.com/ershoufang/108403377102.html
单边位，采光通透，精装修，户型方正。,此房单边位，其中一个房间朝南，大阳台望出去无遮挡，采光好。,365,39354,3室1厅,低楼层,38,精装,西北,2008,92.75,丽江花园如英居,南浦,番禺,两梯四户,有,商品房,https://gz.lianjia.com/ershoufang/108403387585.html
农林下加装电梯框架南北向大三房 大院管理环境好,此房证过五年，农林下加装电梯，南北向格局方正，三房采光通风好,750,81108,3室2厅,中楼层,9,精装,南 北,1996,92.47,执信大院,环市东,越秀,一梯两户,无,商品房,https://gz.lianjia.com/ershoufang/108403387218.html
新世界凯粤湾 东南向三房 电梯中层 安静舒适,此房客厅和主卧南向望花园，朝向好，视野开阔无遮挡,475,51407,3室2厅,中楼层,33,精装,东南,2014,92.4,新世界凯粤湾,蚩,荔湾,三梯八户,有,商品房,https://gz.lianjia.com/ershoufang/108403386284.html
满五年，中层看小区花园，保养好，拎包入住,物业好，满五年，中层看小区花园，保养好，拎包入住。,245,26832,3室2厅,中楼层,30,精装,南 东,2014,91.31,万科府前一号,南沙区府,南沙,两梯四户,有,商品房,https://gz.lianjia.com/ershoufang/108403406838.html
天悦高层望江，南北对流，专梯专户，三主套，4+1房,此房业主诚心放卖，高层南北对流，一线望江，四房三卫带保姆间,4500,178707,5室1厅,中楼层,40,精装,南,2015,251.81,保利天悦花园,万胜围,海珠,三梯两户,有,商品房,https://gz.lianjia.com/ershoufang/108403393441.html
民航东门小区  户型方正  采光通风 满五物业 一梯户型,民航东门小区  户型方正  采光通风 满五物业 一梯户型,320,34043,3室1厅,低楼层,10,其他,东南,1995,94,民航小区向云新街,白云大道南,白云,一梯两户,有,商品房,https://gz.lianjia.com/ershoufang/108403386497.html
大型社区，满五年南向两房，业主诚意放卖,此房满五不唯一，南向两房，楼层好，视野开阔，采光充足,360,58065,2室1厅,中楼层,14,精装,南,2000,62,愉景雅苑,新港西,海珠,一梯五户,有,商品房,https://gz.lianjia.com/ershoufang/108403382025.html
晓港湾小区 3条地铁汇交 大型花园,东南向 正规两房！加装电梯 平层入户，使用率高！,240,38248,2室1厅,中楼层,9,简装,东南,1999,62.75,晓港湾,东晓南,海珠,一梯八户,有,商品房,https://gz.lianjia.com/ershoufang/108403391847.html
侨小少有一梯两户，南北对流，精装修,满五唯一，一梯两户，南北对流，精装修尚品宅配加装,432,68161,2室1厅,低楼层,8,精装,南 北,1990,63.38,淘金路,淘金,越秀,一梯两户,无,商品房,https://gz.lianjia.com/ershoufang/108403402632.html
新堤一横路 西南向 户型方正 旧部前,新堤一横路 西南向 户型方正 旧部前,251,33467,2室1厅,中楼层,10,简装,东,0,75,新堤一横路,解放南,越秀,一梯四户,暂无数据,商品房,https://gz.lianjia.com/ershoufang/108403402149.html
保利塞纳维拉 三房带主套单位  花园小区 楼龄较新,南北对流 户型格局方正 装修保养,305,32303,3室2厅,低楼层,18,精装,南 北,2015,94.42,保利塞纳维拉,龙溪,荔湾,两梯四户,有,商品房,https://gz.lianjia.com/ershoufang/108403374739.html
富力碧涛湾 电梯两房 保养新净 产权清晰 望小区花园,安静舒适，望小区花园，保养新净，证满5年，没有抵押,258,37349,2室1厅,中楼层,11,精装,北,1998,69.08,富力碧涛湾,罗冲围,白云,一梯五户,有,商品房,https://gz.lianjia.com/ershoufang/108403380135.html
富力东堤湾 3室2厅 东南,链家网真房源，更多房源信息请联系经纪人,1398,114282,3室2厅,高楼层,30,精装,东南,2006,122.33,富力东堤湾,杨箕,越秀,三梯七户,有,商品房,https://gz.lianjia.com/ershoufang/108403383533.html
此房三房东南西向，小区管理 安静视野好看小蛮腰,此房满五不唯一 ，户型方正实用，小区管理 安静不吵，交通便,960,82362,3室2厅,中楼层,24,精装,东 南 西南 西北,2004,116.56,五羊华轩,五羊新城,越秀,三梯十户,有,商品房,https://gz.lianjia.com/ershoufang/108403374681.html
九洲海誉 电梯高层 精装修 大2房  望华工  视野靓,户型方正，高楼层， 采光好，业主诚心卖 ，装修好，保养好,680,81040,2室1厅,中楼层,34,精装,东北,2016,83.91,九洲海誉居,粤垦,天河,两梯四户,有,商品房,https://gz.lianjia.com/ershoufang/108403402652.html
大户之家.三房两卫.中楼层视野宽阔采光充足,此房证满五年，业主产权清晰。中楼层，阳台视野好，房屋格局好。,280,27514,3室2厅,中楼层,6,简装,东南,2000,101.77,云山居,元下田,白云,一梯四户,无,商品房,https://gz.lianjia.com/ershoufang/108403383680.html
楼层采光好，业主诚心卖，看房方便,楼层采光好，业主诚心卖，看房方便,238,39800,2室1厅,高楼层,21,简装,南,2000,59.8,雅怡阁,东圃,天河,四梯十七户,有,商品房,https://gz.lianjia.com/ershoufang/108403401632.html
此房满5唯一   中层  户型方正实用3房   保养好,此房满5唯一  电梯中层  自住保养好  户型方正实用,328,34861,3室2厅,中楼层,10,简装,东南,2008,94.09,丰年华庭,茶,荔湾,一梯四户,有,商品房,https://gz.lianjia.com/ershoufang/108403383696.html
金地荔湖城　三叠院　188.37方　南北对流,小区背山望水 空气度好 配套齐全适合自住，保养好。,310,16457,4室2厅,低楼层,3,精装,南 北,0,188.37,金地荔湖城,永和,增城,一梯两户,暂无数据,商品房,https://gz.lianjia.com/ershoufang/108403219090.html
万科云城米酷 1室0厅 北,链家网真房源，更多房源信息请联系经纪人,38,20653,1室0厅,低楼层,17,精装,北,2017,18.4,万科云城米酷,智慧城,天河,三梯八十二户,有,商品房,https://gz.lianjia.com/ershoufang/108403385056.html
地铁口南北对流精装大三房，使用率高，装修保养好,此房过五唯一，近地铁，南北对流双阳台，格局方正，小区环境优美,275,22376,3室1厅,中楼层,20,精装,南,2011,122.9,豪进山湖BZ,白江,增城,两梯三户,有,商品房,https://gz.lianjia.com/ershoufang/108403174208.html
珠江壹城 4室3厅 南,链家网真房源，更多房源信息请联系经纪人,422,13008,4室3厅,低楼层,2,简装,南,0,324.44,珠江壹城,神岗镇,从化,一梯一户,暂无数据,商品房,https://gz.lianjia.com/ershoufang/108403278907.html
